FinalistRank,Player,runs_eligible,average_rank,median_rank,average_rank_pct,median_rank_pct,rank_sd,best_rank,worst_rank,wins,top5,top10,top10pct,eligibility_rate,wins_rate_when_eligible,top5_rate_when_eligible,top10_rate_when_eligible,top10pct_rate_when_eligible,team,pos,minutes
1,Jaylon Tyson,10000,4.1187,3.0,0.008382558351163916,0.005390835579514825,3.970489489808386,1,51,2719,7446,9364,9994,1.0,0.2719,0.7446,0.9364,0.9994,CLE,SG,1777.0
2,Tristan Da Silva,10000,5.4043,3.0,0.014029218718867678,0.006153846153846154,5.666873287385695,1,45,3253,6505,8322,9973,1.0,0.3253,0.6505,0.8322,0.9973,ORL,SF,1899.0
3,Quentin Grimes,10000,6.389,5.0,0.016212953544668885,0.012307692307692308,4.081120502319849,1,43,205,5152,8673,9993,1.0,0.0205,0.5152,0.8673,0.9993,PHI,SG,2206.0
4,Kevin Huerter,10000,7.8402,6.0,0.02204318558755861,0.013477088948787063,6.620698401583665,1,58,921,4785,7323,9894,1.0,0.0921,0.4785,0.7323,0.9894,2TM,SF,1549.0
5,Cedric Coward,10000,8.9822,7.0,0.02196780738713936,0.016172506738544475,8.395840170776081,1,94,1512,4419,6578,9930,1.0,0.1512,0.4419,0.6578,0.993,MEM,SG,1598.0
6,Kelly Oubre Jr.,10000,10.7996,9.0,0.029315710045867974,0.02214022140221402,7.5456831084639,1,104,193,2617,5811,9827,1.0,0.0193,0.2617,0.5811,0.9827,PHI,SF,1574.0
7,Kyle Kuzma,10000,10.4914,9.0,0.02677190569160038,0.02425876010781671,6.412147659229328,1,86,50,2274,5801,9974,1.0,0.005,0.2274,0.5801,0.9974,MIL,PF,1806.0
8,Moses Moody,10000,11.6569,10.0,0.02969008026357625,0.026954177897574125,7.022942016096671,1,73,31,1746,5150,9950,1.0,0.0031,0.1746,0.515,0.995,GSW,SG,1540.0
9,Naji Marshall,10000,13.925,12.0,0.035576229838381435,0.029649595687331536,10.165200840653025,1,116,80,1463,4366,9770,1.0,0.008,0.1463,0.4366,0.977,DAL,SF,2184.0
10,Brandin Podziemski,10000,13.8085,12.0,0.034024813991373824,0.030209413228281155,10.709318218246656,1,107,207,2464,4461,9787,1.0,0.0207,0.2464,0.4461,0.9787,GSW,SG,2333.0
11,Toumani Camara,10000,14.85,13.0,0.04291048874643126,0.036281179138321996,9.365013099138446,1,126,58,1484,3818,9396,1.0,0.0058,0.1484,0.3818,0.9396,POR,PF,2731.0
12,Aaron Wiggins,10000,17.5325,15.0,0.05259463179942543,0.04043126684636118,11.730895325614085,1,78,78,1286,3441,8651,1.0,0.0078,0.1286,0.3441,0.8651,OKC,SG,1414.0
13,Simone Fontecchio,10000,17.3293,16.0,0.04652946499982106,0.043076923076923075,9.726639823815129,1,119,28,586,2287,9600,1.0,0.0028,0.0586,0.2287,0.96,MIA,SF,1173.0
14,Jordan Miller,10000,18.0536,16.0,0.048733625491366436,0.04428044280442804,10.291079519261666,1,120,44,532,2286,9504,1.0,0.0044,0.0532,0.2286,0.9504,LAC,SF,1325.0
15,Andrew Wiggins,10000,21.8249,17.0,0.055952502976916854,0.046153846153846156,18.317521479428205,1,212,107,1320,2808,8772,1.0,0.0107,0.132,0.2808,0.8772,MIA,SF,2063.0
16,Jaden McDaniels,10000,20.0846,17.0,0.054288588232169456,0.04797047970479705,12.537613888463865,1,162,20,352,1613,9242,1.0,0.002,0.0352,0.1613,0.9242,MIN,PF,2316.0
17,Peyton Watson,10000,23.4175,20.0,0.06361810399045195,0.05442176870748299,16.823147612131233,1,248,4,324,1429,8757,1.0,0.0004,0.0324,0.1429,0.8757,DEN,SF,1598.0
18,Jaime Jaquez Jr.,10000,25.1402,21.0,0.06710703044048183,0.05895691609977324,16.393200348369067,1,157,2,180,1084,8572,1.0,0.0002,0.018,0.1084,0.8572,MIA,SF,2121.0
19,Pelle Larsson,10000,23.3087,22.0,0.0666420890955025,0.06273062730627306,9.14567486011091,2,78,0,56,586,8667,1.0,0.0,0.0056,0.0586,0.8667,MIA,SG,1849.0
20,Dylan Harper,10000,29.9673,25.0,0.08183175848942933,0.07029478458049887,20.175007653118247,1,250,6,229,864,7436,1.0,0.0006,0.0229,0.0864,0.7436,SAS,SG,1558.0
21,Tobias Harris,10000,32.7294,27.0,0.08722883033975448,0.07547169811320754,22.370534632010333,1,233,9,132,689,7135,1.0,0.0009,0.0132,0.0689,0.7135,DET,PF,1746.0
22,Gui Santos,10000,31.8199,28.0,0.09277347282274932,0.07936507936507936,18.578847686230052,1,186,3,215,794,6417,1.0,0.0003,0.0215,0.0794,0.6417,GSW,PF,1395.0
23,Saddiq Bey,10000,39.4861,31.0,0.10536566970166371,0.0862533692722372,30.810058954232442,1,226,22,299,965,5878,1.0,0.0022,0.0299,0.0965,0.5878,NOP,SF,2246.0
24,Anthony Black,10000,35.8028,32.0,0.10008380214473156,0.09230769230769231,17.380429226345612,3,156,0,26,223,5638,1.0,0.0,0.0026,0.0223,0.5638,ORL,PG,1910.0
25,Jarace Walker,10000,37.003,35.0,0.1082385951682958,0.09538461538461539,15.83324540850728,2,117,0,7,100,5373,1.0,0.0,0.0007,0.01,0.5373,IND,PF,1953.0
26,Santi Aldama,10000,44.0855,35.0,0.1187384851375305,0.10153846153846154,31.52870748523584,1,287,5,196,667,4957,1.0,0.0005,0.0196,0.0667,0.4957,MEM,PF,1198.0
27,Donte DiVincenzo,10000,38.3401,36.0,0.10712660258463252,0.10204081632653061,13.715766264209286,7,139,0,0,7,4875,1.0,0.0,0.0,0.0007,0.4875,MIN,SG,2494.0
28,VJ Edgecombe,10000,41.0492,37.0,0.11749405520704417,0.10512129380053908,19.59199234320998,3,216,0,5,66,4690,1.0,0.0,0.0005,0.0066,0.469,PHI,SG,2623.0
29,RJ Barrett,10000,44.9652,37.0,0.1194582524409125,0.10512129380053908,28.740963680073882,2,229,0,39,320,4699,1.0,0.0,0.0039,0.032,0.4699,TOR,SF,1726.0
30,Onyeka Okongwu,10000,48.5233,38.0,0.13029336617616644,0.1076923076923077,35.09715142449327,1,273,3,90,467,4652,1.0,0.0003,0.009,0.0467,0.4652,ATL,C,2297.0
31,Noah Clowney,10000,43.8802,41.0,0.12620802179622162,0.11320754716981132,18.01763889889988,4,172,0,2,17,4015,1.0,0.0,0.0002,0.0017,0.4015,BRK,PF,1780.0
32,Aaron Nesmith,10000,44.5848,41.0,0.128757942233275,0.11320754716981132,22.360662085029695,2,188,0,15,137,4238,1.0,0.0,0.0015,0.0137,0.4238,IND,SF,1335.0
33,Devin Vassell,10000,47.2482,42.0,0.13197725578971853,0.11808118081180811,26.068382243923025,2,225,0,5,105,3866,1.0,0.0,0.0005,0.0105,0.3866,SAS,SG,2044.0
34,Zaccharie Risacher,10000,45.2878,43.0,0.13560851856171177,0.12177121771217712,18.645356958063623,3,147,0,2,69,3853,1.0,0.0,0.0002,0.0069,0.3853,ATL,SF,1503.0
35,Miles Bridges,10000,50.1411,43.0,0.13506101651870464,0.12307692307692308,27.72826133095334,2,193,0,9,94,3270,1.0,0.0,0.0009,0.0094,0.327,CHO,PF,2387.0
36,P.J. Washington,10000,47.7945,44.0,0.13863132825999863,0.12668463611859837,20.534420761092825,3,175,0,5,38,3324,1.0,0.0,0.0005,0.0038,0.3324,DAL,PF,1736.0
37,Ziaire Williams,10000,51.5981,45.0,0.14990927556522388,0.12668463611859837,32.5780003837083,1,253,1,117,516,3794,1.0,0.0001,0.0117,0.0516,0.3794,BRK,SF,1281.0
38,Bilal Coulibaly,10000,52.912,50.0,0.1535652180871206,0.14153846153846153,21.84979627730514,6,196,0,0,13,2660,1.0,0.0,0.0,0.0013,0.266,WAS,SG,1468.0
39,Jake LaRavia,10000,54.2462,52.0,0.16035927469255795,0.14555256064690028,24.8464750073733,4,209,0,10,76,2878,1.0,0.0,0.001,0.0076,0.2878,LAL,PF,2061.0
40,Jabari Smith Jr.,10000,56.1495,52.0,0.1608296454318887,0.1509433962264151,23.69248579483193,6,249,0,0,9,2058,1.0,0.0,0.0,0.0009,0.2058,HOU,PF,2705.0
41,Derrick Jones Jr.,10000,57.9274,54.0,0.16549020200889014,0.15384615384615385,27.643186209523364,3,255,0,4,31,2154,1.0,0.0,0.0004,0.0031,0.2154,LAC,SF,1350.0
42,Kyshawn George,10000,59.6764,54.0,0.1678445591344477,0.15692307692307692,25.452195670834445,15,211,0,0,0,1475,1.0,0.0,0.0,0.0,0.1475,WAS,SF,1391.0
43,Brandon Miller,10000,65.118,54.0,0.17726635150526737,0.15692307692307692,42.00102004199967,2,271,0,14,98,2527,1.0,0.0,0.0014,0.0098,0.2527,CHO,SF,1968.0
44,Royce O'Neale,10000,60.718,57.0,0.16897566825704927,0.16307692307692306,23.604668903405685,11,210,0,0,0,964,1.0,0.0,0.0,0.0,0.0964,PHO,SF,2213.0
45,Justin Champagnie,10000,63.5786,56.0,0.18547684088568026,0.16307692307692306,34.46194980900625,7,270,0,0,11,2377,1.0,0.0,0.0,0.0011,0.2377,WAS,SF,1377.0
46,Corey Kispert,10000,60.7113,57.0,0.17494696271636867,0.16442048517520216,24.742594284092124,8,217,0,0,5,1640,1.0,0.0,0.0,0.0005,0.164,2TM,SF,1080.0
47,Egor Dëmin,10000,61.1699,58.0,0.1791131481176214,0.16605166051660517,26.49161781717861,4,248,0,3,36,2049,1.0,0.0,0.0003,0.0036,0.2049,BRK,PG,1308.0
48,Ayo Dosunmu,10000,64.5602,59.0,0.17445514985661392,0.16711590296495957,30.102461556809246,4,199,0,1,4,1002,1.0,0.0,0.0001,0.0004,0.1002,2TM,SG,1881.0
49,Jerami Grant,10000,65.7101,58.0,0.17794930406189935,0.16711590296495957,35.06185664463783,4,259,0,7,35,1559,1.0,0.0,0.0007,0.0035,0.1559,POR,PF,1695.0
50,Brice Sensabaugh,10000,61.964,58.0,0.17434629471108312,0.16974169741697417,25.45130018030678,4,196,0,2,14,1271,1.0,0.0,0.0002,0.0014,0.1271,UTA,SF,1762.0
51,Desmond Bane,10000,68.0993,60.0,0.18272595918619947,0.17118785975928832,35.99220448080856,10,226,0,0,1,1270,1.0,0.0,0.0,0.0001,0.127,ORL,SG,2756.0
52,Christian Braun,10000,61.2832,59.0,0.1771706633756554,0.17343173431734318,18.705399941158586,12,176,0,0,0,1039,1.0,0.0,0.0,0.0,0.1039,DEN,SG,1399.0
53,De'Andre Hunter,10000,66.1801,63.0,0.18715636873190036,0.1778975741239892,25.14756258527641,10,198,0,0,3,863,1.0,0.0,0.0,0.0003,0.0863,2TM,SF,1176.0
54,Cameron Johnson,10000,66.5593,64.0,0.1899704656746683,0.18328840970350405,25.353216010325095,12,206,0,0,0,1062,1.0,0.0,0.0,0.0,0.1062,DEN,SF,1647.0
55,Naz Reid,10000,72.5427,64.0,0.19993402821300865,0.18328840970350405,43.592276900507734,1,324,1,19,101,1884,1.0,0.0001,0.0019,0.0101,0.1884,MIN,C,2007.0
56,Julian Champagnie,10000,68.5678,65.0,0.19071191258330283,0.18769230769230769,25.407686990669244,12,197,0,0,0,491,1.0,0.0,0.0,0.0,0.0491,SAS,SF,2266.0
57,Mikal Bridges,10000,73.0091,65.0,0.2000533876149567,0.18867924528301888,36.870624641930746,7,259,0,0,9,932,1.0,0.0,0.0,0.0009,0.0932,NYK,SF,2692.0
58,Miles McBride,10000,72.728,66.0,0.20114739754203265,0.19047619047619047,38.640917795166395,1,301,1,11,52,1396,1.0,0.0001,0.0011,0.0052,0.1396,NYK,SG,1080.0
59,Taylor Hendricks,10000,68.3685,68.0,0.20377026554506178,0.1927437641723356,23.259557357156364,10,152,0,0,1,1384,1.0,0.0,0.0,0.0001,0.1384,2TM,PF,1118.0
60,John Collins,10000,74.6032,67.0,0.2080442623286409,0.1940700808625337,39.3484152099923,3,276,0,2,12,1389,1.0,0.0,0.0002,0.0012,0.1389,LAC,PF,1872.0
61,Bennedict Mathurin,10000,70.3475,67.0,0.20011487221773672,0.19557195571955718,23.853910468819695,12,204,0,0,0,574,1.0,0.0,0.0,0.0,0.0574,2TM,SF,1620.0
62,Ajay Mitchell,10000,76.2687,69.0,0.20590322722331042,0.1992619926199262,36.72137996160578,7,239,0,0,1,603,1.0,0.0,0.0,0.0001,0.0603,OKC,SG,1473.0
63,Tari Eason,10000,73.3854,70.0,0.21614284809379058,0.20307692307692307,31.160137391485087,7,223,0,0,6,1390,1.0,0.0,0.0,0.0006,0.139,HOU,PF,1549.0
64,Baylor Scheierman,10000,76.4041,73.5,0.21833915484112512,0.2123076923076923,27.79877479994466,11,239,0,0,0,548,1.0,0.0,0.0,0.0,0.0548,BOS,SG,1429.0
65,Matas Buzelis,10000,81.7514,74.0,0.2289114542439687,0.2123076923076923,39.623909492380285,14,337,0,0,0,481,1.0,0.0,0.0,0.0,0.0481,CHI,PF,2248.0
66,Malik Monk,10000,76.1947,74.0,0.217404312223156,0.215633423180593,24.967233090248882,14,221,0,0,0,420,1.0,0.0,0.0,0.0,0.042,SAC,SG,1364.0
67,Bruce Brown,10000,76.9169,77.0,0.2267406960361538,0.2183288409703504,19.84286189809401,17,153,0,0,0,399,1.0,0.0,0.0,0.0,0.0399,DEN,SG,1998.0
68,Max Christie,10000,79.1268,76.0,0.22813181482747322,0.2210242587601078,30.686122035352607,13,217,0,0,0,724,1.0,0.0,0.0,0.0,0.0724,DAL,SG,2244.0
69,Quinten Post,10000,78.4758,77.0,0.2322610377732414,0.22641509433962265,28.874462554630853,6,250,0,0,6,958,1.0,0.0,0.0,0.0006,0.0958,GSW,PF,1159.0
70,Will Riley,10000,85.4046,81.0,0.24890383740097938,0.23247232472324722,35.87252963868402,4,252,0,1,3,790,1.0,0.0,0.0001,0.0003,0.079,WAS,SF,1633.0
71,Jamir Watkins,10000,82.6197,82.0,0.2455779767348753,0.23450134770889489,28.880635052195508,8,232,0,0,2,768,1.0,0.0,0.0,0.0002,0.0768,WAS,SG,1032.0
72,Nickeil Alexander-Walker,10000,89.0163,82.0,0.2418570377726585,0.23582766439909297,40.52147373052131,14,247,0,0,0,166,1.0,0.0,0.0,0.0,0.0166,ATL,SG,2603.0
73,OG Anunoby,10000,88.3839,82.0,0.2422504908424423,0.23616236162361623,39.58181391484326,8,259,0,0,4,330,1.0,0.0,0.0,0.0004,0.033,NYK,PF,2224.0
74,Sam Hauser,10000,91.6548,84.0,0.25539172577464586,0.24354243542435425,44.21119202091246,9,311,0,0,1,509,1.0,0.0,0.0,0.0001,0.0509,BOS,PF,1934.0
75,Kobe Sanders,10000,87.0663,85.0,0.2544780400688684,0.24615384615384617,27.07367730306084,14,206,0,0,0,320,1.0,0.0,0.0,0.0,0.032,LAC,SG,1351.0
76,Kyle Filipowski,10000,93.1264,86.0,0.26423303219370753,0.25336927223719674,47.711600923950144,4,299,0,3,17,959,1.0,0.0,0.0003,0.0017,0.0959,UTA,C,1801.0
77,Keldon Johnson,10000,96.4989,90.0,0.26746887551440723,0.26077097505668934,39.67869502231474,17,277,0,0,0,128,1.0,0.0,0.0,0.0,0.0128,SAS,SF,1911.0
78,Collin Gillespie,10000,95.1838,89.0,0.26709425287990507,0.261455525606469,39.67704429949936,4,293,0,2,5,306,1.0,0.0,0.0002,0.0005,0.0306,PHO,PG,2282.0
79,Terance Mann,10000,94.2604,93.0,0.27492223899978285,0.2668463611859838,25.75993302116537,8,196,0,0,1,135,1.0,0.0,0.0,0.0001,0.0135,BRK,SG,1529.0
80,Jared McCain,10000,96.5386,94.0,0.2810410670525449,0.2693726937269373,27.505860598729345,23,242,0,0,0,67,1.0,0.0,0.0,0.0,0.0067,2TM,SG,1160.0
81,Svi Mykhailiuk,10000,101.4982,99.0,0.29357914036068533,0.2857142857142857,31.16431161106908,23,240,0,0,0,96,1.0,0.0,0.0,0.0,0.0096,UTA,SF,1156.0
82,Vít Krejčí,10000,101.4302,99.0,0.294178233733135,0.2884097035040431,34.521134089567205,10,245,0,0,1,251,1.0,0.0,0.0,0.0001,0.0251,2TM,PG,1392.0
83,Landry Shamet,10000,106.4981,101.0,0.30426552001977,0.2923076923076923,37.667849461819635,21,290,0,0,0,73,1.0,0.0,0.0,0.0,0.0073,NYK,SG,1171.0
84,Trey Murphy III,10000,110.6257,102.0,0.30278489998864383,0.2953846153846154,47.03265255703361,13,293,0,0,0,65,1.0,0.0,0.0,0.0,0.0065,NOP,SF,2341.0
85,Harrison Barnes,10000,107.145,103.0,0.3011272409103867,0.29649595687331537,37.78489042983292,7,292,0,0,1,45,1.0,0.0,0.0,0.0001,0.0045,SAS,PF,1986.0
86,Jock Landale,10000,113.2057,105.0,0.3192795996660266,0.3062730627306273,59.93671185886701,1,354,1,4,33,761,1.0,0.0001,0.0004,0.0033,0.0761,2TM,C,1506.0
87,Ryan Dunn,10000,112.0723,112.0,0.3323287708761534,0.3230769230769231,33.091264344046834,15,223,0,0,0,215,1.0,0.0,0.0,0.0,0.0215,PHO,SF,1355.0
88,Kon Knueppel,10000,121.2169,114.0,0.33450841149746174,0.3288409703504043,48.397509091673484,14,304,0,0,0,31,1.0,0.0,0.0,0.0,0.0031,CHO,SF,2551.0
89,Ben Sheppard,10000,120.3917,119.0,0.35292085327443246,0.33962264150943394,38.67276857703544,11,247,0,0,0,137,1.0,0.0,0.0,0.0,0.0137,IND,SG,1390.0
90,Brandon Ingram,10000,129.7133,119.0,0.35674063659810434,0.3450134770889488,59.39936305671249,8,345,0,0,1,77,1.0,0.0,0.0,0.0001,0.0077,TOR,SF,2604.0
91,Myles Turner,10000,127.4074,119.0,0.3613437285131395,0.3450134770889488,64.77966243896739,6,390,0,0,4,584,1.0,0.0,0.0,0.0004,0.0584,MIL,C,1912.0
92,Kris Murray,10000,121.6743,121.0,0.35639700424372034,0.3477088948787062,35.392045422635846,15,278,0,0,0,119,1.0,0.0,0.0,0.0,0.0119,POR,SF,1333.0
93,Dean Wade,10000,128.6423,122.0,0.36312950615815565,0.3507692307692308,51.059532491943436,9,369,0,0,1,81,1.0,0.0,0.0,0.0001,0.0081,CLE,PF,1318.0
94,Gradey Dick,10000,125.1429,124.0,0.3690464948036738,0.3507692307692308,34.24811780152735,29,242,0,0,0,14,1.0,0.0,0.0,0.0,0.0014,TOR,SG,1067.0
95,Precious Achiuwa,10000,125.4043,120.0,0.3650967949820288,0.353099730458221,40.457843803427316,7,307,0,0,1,49,1.0,0.0,0.0,0.0001,0.0049,SAC,C,1745.0
96,Wendell Carter Jr.,10000,124.7171,121.0,0.35677613808767095,0.35374149659863946,41.550402057995974,14,332,0,0,0,67,1.0,0.0,0.0,0.0,0.0067,ORL,C,2288.0
97,Bones Hyland,10000,128.7993,123.0,0.3601687190054673,0.35424354243542433,45.41068632550339,14,311,0,0,0,28,1.0,0.0,0.0,0.0,0.0028,MIN,PG,1177.0
98,Sion James,10000,124.0851,123.0,0.36519715618052123,0.35424354243542433,39.94509004886449,15,279,0,0,0,151,1.0,0.0,0.0,0.0,0.0151,CHO,SG,1843.0
99,Jaren Jackson Jr.,10000,129.7284,122.0,0.36449462257091453,0.3557951482479784,55.83618003893286,12,367,0,0,0,180,1.0,0.0,0.0,0.0,0.018,2TM,C,1454.0
100,Sam Merrill,10000,130.8376,125.0,0.3636107595003097,0.35600907029478457,50.10828784034657,18,319,0,0,0,13,1.0,0.0,0.0,0.0,0.0013,CLE,SG,1377.0
101,Anfernee Simons,10000,132.5738,125.0,0.3700149350002324,0.36615384615384616,45.99132607098179,17,305,0,0,0,9,1.0,0.0,0.0,0.0,0.0009,2TM,SG,1372.0
102,Brandon Williams,10000,133.9757,127.0,0.3752173686518086,0.36900369003690037,46.23185533757854,15,319,0,0,0,14,1.0,0.0,0.0,0.0,0.0014,DAL,PG,1463.0
103,Caris LeVert,10000,130.4704,128.0,0.3791104584045005,0.36900369003690037,36.57339313146267,26,310,0,0,0,15,1.0,0.0,0.0,0.0,0.0015,DET,SG,1154.0
104,Amen Thompson,10000,137.1809,129.0,0.3808135009348873,0.36900369003690037,59.9966110253192,10,329,0,0,1,52,1.0,0.0,0.0,0.0001,0.0052,HOU,PG,2953.0
105,Kentavious Caldwell-Pope,10000,129.6733,128.0,0.37851677739196515,0.3723076923076923,31.395224686619283,22,272,0,0,0,28,1.0,0.0,0.0,0.0,0.0028,MEM,SG,1088.0
106,Josh Hart,10000,135.2386,130.0,0.37938451713159765,0.3726937269372694,48.37030120480819,21,320,0,0,0,20,1.0,0.0,0.0,0.0,0.002,NYK,SF,1994.0
107,Franz Wagner,10000,139.3604,129.0,0.38190923699338475,0.3746630727762803,60.946143069725984,18,345,0,0,0,37,1.0,0.0,0.0,0.0,0.0037,ORL,SF,1019.0
108,Luguentz Dort,10000,132.7741,131.0,0.38505000897170727,0.37538461538461537,38.05024114608379,26,255,0,0,0,25,1.0,0.0,0.0,0.0,0.0025,OKC,SF,1849.0
109,Duncan Robinson,10000,138.7652,133.0,0.3883491887727929,0.38274932614555257,50.038135961135254,21,334,0,0,0,14,1.0,0.0,0.0,0.0,0.0014,DET,SG,2113.0
110,Dominick Barlow,10000,136.4972,133.0,0.39327758404856344,0.3874538745387454,40.05438587149675,14,310,0,0,0,22,1.0,0.0,0.0,0.0,0.0022,PHI,PF,1689.0
111,Ace Bailey,10000,139.6953,138.0,0.3972458214612548,0.3922902494331066,38.88864475112312,24,279,0,0,0,3,1.0,0.0,0.0,0.0,0.0003,UTA,SF,1988.0
112,Jalen Smith,10000,141.431,136.0,0.4043512204103031,0.39622641509433965,43.80854663048969,20,339,0,0,0,6,1.0,0.0,0.0,0.0,0.0006,CHI,C,1095.0
113,Jordan Clarkson,10000,142.1951,140.0,0.4100055553372251,0.39892183288409705,36.05687792688914,36,319,0,0,0,6,1.0,0.0,0.0,0.0,0.0006,NYK,SG,1279.0
114,Danny Wolf,10000,138.8485,138.0,0.4053544086475076,0.4,41.678323574918416,16,304,0,0,0,90,1.0,0.0,0.0,0.0,0.009,BRK,PF,1187.0
115,Luke Kennard,10000,146.7472,142.0,0.4182562289181341,0.40615384615384614,50.47758602418582,19,343,0,0,0,25,1.0,0.0,0.0,0.0,0.0025,2TM,SG,1681.0
116,Sandro Mamukelashvili,10000,148.2194,142.0,0.4153162418552748,0.4123076923076923,52.616449069765835,18,322,0,0,0,8,1.0,0.0,0.0,0.0,0.0008,TOR,C,1751.0
117,Isaac Okoro,10000,145.6554,143.0,0.42065158728504676,0.41496598639455784,42.79713787557568,16,307,0,0,0,33,1.0,0.0,0.0,0.0,0.0033,CHI,SG,1695.0
118,Hugo González,10000,145.6811,147.0,0.4287945269425254,0.42403628117913833,37.10436195594281,18,273,0,0,0,40,1.0,0.0,0.0,0.0,0.004,BOS,SF,1084.0
119,Jordan Walsh,10000,150.2349,149.0,0.4297868947302784,0.42419526236078686,36.27814124708209,45,298,0,0,0,0,1.0,0.0,0.0,0.0,0.0,BOS,PF,1212.0
120,Stephon Castle,10000,153.8858,147.0,0.430113482177561,0.42435424354243545,57.53791288795531,22,365,0,0,0,7,1.0,0.0,0.0,0.0,0.0007,SAS,PG,2038.0
121,Julius Randle,10000,154.7047,147.0,0.4267255461533082,0.4246153846153846,64.13889987954093,24,345,0,0,0,10,1.0,0.0,0.0,0.0,0.001,MIN,PF,2610.0
122,Daniss Jenkins,10000,148.3626,147.0,0.4287277857570519,0.42587601078167114,39.66346984725407,19,354,0,0,0,6,1.0,0.0,0.0,0.0,0.0006,DET,PG,1455.0
123,Immanuel Quickley,10000,155.5113,149.0,0.43178712418324805,0.4276923076923077,53.37082458423951,28,322,0,0,0,4,1.0,0.0,0.0,0.0,0.0004,TOR,PG,2231.0
124,Ryan Rollins,10000,155.22,150.0,0.4300094454805607,0.42857142857142855,55.66740595724389,30,335,0,0,0,1,1.0,0.0,0.0,0.0,0.0001,MIL,PG,2376.0
125,Will Richard,10000,149.5023,148.0,0.4345481512502101,0.431266846361186,38.165005587254186,25,301,0,0,0,12,1.0,0.0,0.0,0.0,0.0012,GSW,SG,1377.0
126,Patrick Williams,10000,152.5042,153.0,0.44796951313593697,0.4393530997304582,45.96231756366919,18,297,0,0,0,63,1.0,0.0,0.0,0.0,0.0063,CHI,PF,1474.0
127,Aaron Gordon,10000,158.2104,152.0,0.43709303001331784,0.4399092970521542,58.64895482299905,25,329,0,0,0,1,1.0,0.0,0.0,0.0,0.0001,DEN,PF,1005.0
128,Ja'Kobe Walter,10000,154.3984,151.0,0.4431627940569966,0.4420485175202156,36.345604655002816,48,303,0,0,0,0,1.0,0.0,0.0,0.0,0.0,TOR,SG,1474.0
129,Marcus Smart,10000,154.3614,155.0,0.4465609593170544,0.44280442804428044,31.54182427678951,38,279,0,0,0,2,1.0,0.0,0.0,0.0,0.0002,LAL,SG,1769.0
130,Guerschon Yabusele,10000,154.9314,155.0,0.45334947135576503,0.44649446494464945,34.045452021089794,32,315,0,0,0,3,1.0,0.0,0.0,0.0,0.0003,2TM,C,1007.0
131,Nic Claxton,10000,161.6034,156.0,0.45378060163652617,0.4482094724682326,61.782502508409486,13,368,0,0,0,17,1.0,0.0,0.0,0.0,0.0017,BRK,C,1920.0
132,Tyler Herro,10000,167.1745,162.0,0.46173308975628663,0.46630727762803237,57.605425857802764,16,333,0,0,0,1,1.0,0.0,0.0,0.0,0.0001,MIA,SG,1033.0
133,Grayson Allen,10000,168.1398,164.0,0.46795172227125487,0.4676923076923077,48.306038994108505,67,309,0,0,0,0,1.0,0.0,0.0,0.0,0.0,PHO,SG,1467.0
134,CJ McCollum,10000,167.0049,161.0,0.468234514012817,0.4681634970195856,48.569154535231824,51,355,0,0,0,0,1.0,0.0,0.0,0.0,0.0,2TM,PG,2264.0
135,Paul George,10000,169.0984,164.0,0.4690531131973824,0.46900269541778977,60.63868255843184,31,379,0,0,0,0,1.0,0.0,0.0,0.0,0.0,PHI,PF,1135.0
136,Zach LaVine,10000,168.4623,164.0,0.47430019261295786,0.47384615384615386,42.07283198251703,40,310,0,0,0,1,1.0,0.0,0.0,0.0,0.0001,SAC,SG,1224.0
137,Khris Middleton,10000,166.5487,165.0,0.4801358469654019,0.47845804988662133,46.98412049903572,29,339,0,0,0,4,1.0,0.0,0.0,0.0,0.0004,2TM,SF,1439.0
138,Cooper Flagg,10000,172.7661,168.0,0.481230689719193,0.48307692307692307,57.951115813005785,42,349,0,0,0,0,1.0,0.0,0.0,0.0,0.0,DAL,SF,2344.0
139,Tre Johnson,10000,170.8717,169.0,0.48929029445950156,0.48428501805233687,42.358933733472384,50,334,0,0,0,0,1.0,0.0,0.0,0.0,0.0,WAS,SG,1443.0
140,Josh Okogie,10000,167.881,169.0,0.49037244440723426,0.49230769230769234,33.46114169899747,33,302,0,0,0,4,1.0,0.0,0.0,0.0,0.0004,HOU,SG,1354.0
141,Keon Ellis,10000,172.847,172.0,0.4973423148648595,0.4965986394557823,40.87860439190294,37,342,0,0,0,2,1.0,0.0,0.0,0.0,0.0002,2TM,SG,1478.0
142,Jordan Goodwin,10000,173.4746,174.0,0.49807432998117546,0.5046153846153846,56.14206576173345,16,372,0,0,0,35,1.0,0.0,0.0,0.0,0.0035,PHO,PG,1572.0
143,Alex Caruso,10000,175.6052,178.0,0.5044857849302429,0.5148247978436657,56.90393078420743,18,388,0,0,0,34,1.0,0.0,0.0,0.0,0.0034,OKC,SG,1020.0
144,Nique Clifford,10000,177.4661,179.0,0.5140878437052857,0.5148247978436657,44.158449334807514,22,321,0,0,0,4,1.0,0.0,0.0,0.0,0.0004,SAC,SG,1882.0
145,Herbert Jones,10000,178.8202,181.0,0.5165626366748808,0.5192743764172335,46.891068970486494,24,323,0,0,0,8,1.0,0.0,0.0,0.0,0.0008,NOP,SF,1588.0
146,Spencer Jones,10000,180.3923,181.0,0.519797729240268,0.5234432234432235,36.58443443316126,34,315,0,0,0,4,1.0,0.0,0.0,0.0,0.0004,DEN,SF,1417.0
147,Jose Alvarado,10000,178.5102,179.0,0.5188910181737557,0.5238095238095238,33.3598708639348,53,327,0,0,0,0,1.0,0.0,0.0,0.0,0.0,2TM,PG,1370.0
148,Cody Williams,10000,181.628,183.0,0.5248900975089358,0.5260770975056689,43.03711230209965,46,325,0,0,0,0,1.0,0.0,0.0,0.0,0.0,UTA,SG,1631.0
149,Caleb Love,10000,184.4405,184.0,0.529720703015781,0.5283018867924528,36.54736147402538,68,312,0,0,0,0,1.0,0.0,0.0,0.0,0.0,POR,SG,1013.0
150,Rui Hachimura,10000,185.5007,183.0,0.5283369478056559,0.5306122448979592,42.14342423594249,62,337,0,0,0,0,1.0,0.0,0.0,0.0,0.0,LAL,PF,1927.0
151,Dyson Daniels,10000,185.1741,183.0,0.5273160261782779,0.5328798185941043,46.058379548380366,52,369,0,0,0,0,1.0,0.0,0.0,0.0,0.0,ATL,SG,2520.0
152,Ousmane Dieng,10000,185.6207,187.0,0.5383764934812312,0.5363881401617251,31.78694500101024,60,294,0,0,0,0,1.0,0.0,0.0,0.0,0.0,2TM,C,1099.0
153,Tim Hardaway Jr.,10000,190.5491,187.0,0.5383804148724144,0.5417789757412399,53.35638555578858,46,384,0,0,0,0,1.0,0.0,0.0,0.0,0.0,DEN,SG,2127.0
154,Pascal Siakam,10000,192.3519,188.0,0.5365242109768084,0.5424354243542435,61.25429679032758,50,369,0,0,0,0,1.0,0.0,0.0,0.0,0.0,IND,PF,2057.0
155,Klay Thompson,10000,188.2032,186.0,0.538607412006442,0.5446153846153846,42.247210469322646,38,364,0,0,0,1,1.0,0.0,0.0,0.0,0.0001,DAL,SF,1497.0
156,De'Anthony Melton,10000,185.8923,187.0,0.5318754527403087,0.5453704229349986,56.56170102916221,21,383,0,0,0,13,1.0,0.0,0.0,0.0,0.0013,GSW,PG,1125.0
157,Jeremiah Fears,10000,192.9368,192.0,0.5502139620864068,0.5503172299398715,35.56124950007531,81,314,0,0,0,0,1.0,0.0,0.0,0.0,0.0,NOP,PG,2112.0
158,Javonte Green,10000,189.0495,191.0,0.5378442067138636,0.5510204081632653,59.183123556985365,21,405,0,0,0,8,1.0,0.0,0.0,0.0,0.0008,DET,SG,1446.0
159,Norman Powell,10000,196.2443,194.0,0.5466057376048812,0.556923076923077,60.96920486527756,39,365,0,0,0,0,1.0,0.0,0.0,0.0,0.0,MIA,SG,1717.0
160,Davion Mitchell,10000,191.5472,191.0,0.546904377077957,0.5571955719557196,47.3031069862547,42,362,0,0,0,0,1.0,0.0,0.0,0.0,0.0,MIA,PG,2000.0
161,Reed Sheppard,10000,195.7049,195.0,0.5484951640382065,0.5571955719557196,55.46196551648618,43,368,0,0,0,0,1.0,0.0,0.0,0.0,0.0,HOU,SG,2147.0
162,Tre Jones,10000,193.5304,193.0,0.5401683184854431,0.5578231292517006,60.74488513403403,22,370,0,0,0,2,1.0,0.0,0.0,0.0,0.0002,CHI,PG,1752.0
163,De'Aaron Fox,10000,194.8234,191.0,0.5444050260727317,0.5600907029478458,60.00523706550553,40,371,0,0,0,0,1.0,0.0,0.0,0.0,0.0,SAS,PG,2231.0
164,Nikola Vučević,10000,195.8664,195.0,0.5480813607959449,0.5606469002695418,63.300210447551244,36,393,0,0,0,0,1.0,0.0,0.0,0.0,0.0,2TM,C,1818.0
165,Jrue Holiday,10000,195.6951,194.0,0.5486050782393989,0.5645756457564576,60.860699457563264,36,418,0,0,0,0,1.0,0.0,0.0,0.0,0.0,POR,PG,1560.0
166,Kris Dunn,10000,198.3697,198.0,0.5663673220039295,0.5736961451247166,49.457224180218184,45,366,0,0,0,0,1.0,0.0,0.0,0.0,0.0,LAC,PG,2230.0
167,Jay Huff,10000,193.2934,196.0,0.5470269717456643,0.5741239892183289,77.85620768665471,21,416,0,0,0,46,1.0,0.0,0.0,0.0,0.0046,IND,C,1719.0
168,Collin Sexton,10000,202.9791,201.0,0.5680618665499744,0.5782312925170068,54.12593116827175,71,354,0,0,0,0,1.0,0.0,0.0,0.0,0.0,2TM,SG,1614.0
169,Derik Queen,10000,197.1754,197.0,0.5639178051869544,0.5793357933579336,52.95384259696912,23,368,0,0,0,2,1.0,0.0,0.0,0.0,0.0002,NOP,C,2023.0
170,Cason Wallace,10000,197.1346,199.0,0.5613730488388465,0.5795148247978437,60.83494038656713,32,403,0,0,0,12,1.0,0.0,0.0,0.0,0.0012,OKC,SG,2046.0
171,Shaedon Sharpe,10000,200.8134,198.0,0.571814071209069,0.5804988662131519,45.328730953171224,74,375,0,0,0,0,1.0,0.0,0.0,0.0,0.0,POR,SG,1471.0
172,Nae'Qwan Tomlin,10000,197.9331,198.0,0.5746911381507607,0.5873015873015873,33.9580173020144,63,332,0,0,0,0,1.0,0.0,0.0,0.0,0.0,CLE,PF,1004.0
173,Bam Adebayo,10000,202.9076,201.0,0.5696438367133685,0.5902964959568733,63.49172057912919,31,395,0,0,0,0,1.0,0.0,0.0,0.0,0.0,MIA,C,2365.0
174,Coby White,10000,204.0687,201.0,0.5776649825571376,0.5902964959568733,48.703878563095074,64,360,0,0,0,0,1.0,0.0,0.0,0.0,0.0,2TM,SG,1249.0
175,Collin Murray-Boyles,10000,202.4776,203.0,0.5780478801525505,0.5963718820861678,56.5446693173001,31,381,0,0,0,0,1.0,0.0,0.0,0.0,0.0,TOR,PF,1246.0
176,Cam Spencer,10000,203.8336,202.0,0.5766591191805204,0.5969230769230769,55.58985279899031,29,391,0,0,0,1,1.0,0.0,0.0,0.0,0.0001,MEM,SG,1714.0
177,Andrew Nembhard,10000,204.757,204.0,0.5813627334891376,0.5986394557823129,55.64721207950325,44,403,0,0,0,0,1.0,0.0,0.0,0.0,0.0,IND,PG,1786.0
178,Jalen Suggs,10000,207.4723,207.0,0.5835238443754088,0.601078167115903,62.02640050934779,37,410,0,0,0,0,1.0,0.0,0.0,0.0,0.0,ORL,PG,1574.0
179,Gary Payton II,10000,205.7012,207.0,0.5833167575309153,0.6031746031746031,59.265357139020736,21,371,0,0,0,4,1.0,0.0,0.0,0.0,0.0004,GSW,SG,1142.0
180,Payton Pritchard,10000,215.0096,216.0,0.6001673077970767,0.6145552560646901,57.841060386776164,77,360,0,0,0,0,1.0,0.0,0.0,0.0,0.0,BOS,PG,2556.0
181,DeMar DeRozan,10000,213.8908,213.0,0.5973404364848685,0.6172506738544474,71.68626344981809,23,417,0,0,0,2,1.0,0.0,0.0,0.0,0.0002,SAC,PF,2406.0
182,Nicolas Batum,10000,211.346,211.0,0.6068069715208002,0.6236162361623616,48.297790339260565,50,393,0,0,0,0,1.0,0.0,0.0,0.0,0.0,LAC,PF,1295.0
183,John Konchar,10000,213.933,213.0,0.6118915461602304,0.6303854875283447,53.78394911419421,40,402,0,0,0,2,1.0,0.0,0.0,0.0,0.0002,2TM,SG,1115.0
184,Jaylin Williams,10000,217.2997,216.0,0.617554969807675,0.6307277628032345,47.79556801150251,69,366,0,0,0,0,1.0,0.0,0.0,0.0,0.0,OKC,PF,1277.0
185,Dennis Schröder,10000,216.0095,214.0,0.6199770041735263,0.6307692307692307,39.07631898759868,82,351,0,0,0,0,1.0,0.0,0.0,0.0,0.0,2TM,PG,1697.0
186,Isaiah Collier,10000,215.9002,214.0,0.6184625881191544,0.6326530612244898,47.773769720081,65,390,0,0,0,0,1.0,0.0,0.0,0.0,0.0,UTA,PG,1517.0
187,Derrick White,10000,219.9815,220.0,0.6190410831862627,0.6383763837638377,55.3792419936782,59,366,0,0,0,0,1.0,0.0,0.0,0.0,0.0,BOS,SG,2625.0
188,Pat Spencer,10000,217.3246,216.0,0.6278541111775526,0.6388140161725068,29.069212867803614,73,338,0,0,0,0,1.0,0.0,0.0,0.0,0.0,GSW,PG,1229.0
189,Josh Giddey,10000,221.4565,221.0,0.6235048640633416,0.6439909297052154,63.21596423027464,35,417,0,0,0,0,1.0,0.0,0.0,0.0,0.0,CHI,PG,1731.0
190,Brook Lopez,10000,216.7785,218.0,0.62334989261361,0.6522911051212938,54.76451180212681,20,392,0,0,0,4,1.0,0.0,0.0,0.0,0.0004,LAC,C,1635.0
191,Scottie Barnes,10000,224.2435,223.0,0.630594301636401,0.6553846153846153,62.44760986737463,53,388,0,0,0,0,1.0,0.0,0.0,0.0,0.0,TOR,PF,2681.0
192,Sidy Cissoko,10000,220.525,220.0,0.6384575132926472,0.6568265682656826,35.63837235843458,58,353,0,0,0,0,1.0,0.0,0.0,0.0,0.0,POR,SF,1435.0
193,Maxime Raynaud,10000,227.8445,227.0,0.6476572349191363,0.6646153846153846,50.064256338492314,56,378,0,0,0,0,1.0,0.0,0.0,0.0,0.0,SAC,C,1964.0
194,Michael Porter Jr.,10000,230.2355,230.0,0.643639219051549,0.6711590296495957,67.43189709495496,35,411,0,0,0,0,1.0,0.0,0.0,0.0,0.0,BRK,SF,1689.0
195,Kevin Porter Jr.,10000,229.1964,231.0,0.6457817606306415,0.671201814058957,64.26990655920468,34,423,0,0,0,0,1.0,0.0,0.0,0.0,0.0,MIL,PG,1261.0
196,Russell Westbrook,10000,232.0553,230.0,0.6575591050430843,0.6738544474393531,53.79813626750086,65,422,0,0,0,0,1.0,0.0,0.0,0.0,0.0,SAC,SF,1853.0
197,Isaiah Joe,10000,232.7053,232.5,0.6590333689832025,0.6752767527675276,51.5734275936104,53,395,0,0,0,0,1.0,0.0,0.0,0.0,0.0,OKC,SG,1507.0
198,Dillon Brooks,10000,234.7343,234.0,0.6662259820005516,0.6792452830188679,45.51429070715991,91,364,0,0,0,0,1.0,0.0,0.0,0.0,0.0,PHO,SF,1702.0
199,Paolo Banchero,10000,237.265,238.0,0.6687946391346381,0.6848072562358276,55.637227870487095,69,401,0,0,0,0,1.0,0.0,0.0,0.0,0.0,ORL,PF,2502.0
200,A.J. Green,10000,236.886,233.0,0.6770512755660254,0.6863468634686347,38.887108721560594,114,347,0,0,0,0,1.0,0.0,0.0,0.0,0.0,MIL,SG,2270.0
201,Rayan Rupert,10000,232.2396,231.0,0.6714299310050332,0.6873315363881402,34.84355319366717,92,351,0,0,0,0,1.0,0.0,0.0,0.0,0.0,2TM,SG,1072.0
202,Isaiah Stewart,10000,235.9849,235.0,0.6726649382691653,0.7007444487228853,58.592806586545855,39,417,0,0,0,0,1.0,0.0,0.0,0.0,0.0,DET,C,1317.0
203,Darius Garland,10000,241.0945,241.0,0.6796457514405552,0.7011070110701108,58.68313506267442,54,407,0,0,0,0,1.0,0.0,0.0,0.0,0.0,2TM,PG,1344.0
204,Ausar Thompson,10000,241.33,240.0,0.6867930089658173,0.7097505668934241,54.99301158449418,52,417,0,0,0,0,1.0,0.0,0.0,0.0,0.0,DET,SF,1896.0
205,Drake Powell,10000,241.8799,240.0,0.696653377596094,0.7142857142857143,36.509053220902764,120,368,0,0,0,0,1.0,0.0,0.0,0.0,0.0,BRK,SG,1320.0
206,Austin Reaves,10000,248.4976,246.0,0.7003623484752131,0.7142857142857143,53.72395015746752,95,373,0,0,0,0,1.0,0.0,0.0,0.0,0.0,LAL,SG,1762.0
207,Mouhamed Gueye,10000,243.7921,244.0,0.7017310664190733,0.7158671586715867,27.42208370378635,127,336,0,0,0,0,1.0,0.0,0.0,0.0,0.0,ATL,PF,1179.0
208,Marvin Bagley III,10000,246.7821,246.0,0.6995564413034883,0.7195571955719557,52.85966358191647,76,390,0,0,0,0,1.0,0.0,0.0,0.0,0.0,2TM,PF,1201.0
209,Jarred Vanderbilt,10000,244.517,243.0,0.7033919291584421,0.7230769230769231,36.45446205583593,91,377,0,0,0,0,1.0,0.0,0.0,0.0,0.0,LAL,PF,1128.0
210,Evan Mobley,10000,250.853,252.0,0.7056174040239617,0.7292307692307692,62.65916220362983,62,404,0,0,0,0,1.0,0.0,0.0,0.0,0.0,CLE,PF,2074.0
211,Gary Trent Jr.,10000,248.6833,245.0,0.7144827356780769,0.7323076923076923,38.31590024952033,116,380,0,0,0,0,1.0,0.0,0.0,0.0,0.0,MIL,SG,1377.0
212,Keyonte George,10000,257.0896,254.0,0.7246424946494896,0.7358490566037735,54.6358717299172,116,388,0,0,0,0,1.0,0.0,0.0,0.0,0.0,UTA,PG,1786.0
213,Ivica Zubac,10000,256.5992,255.0,0.7272510170643485,0.7437641723356009,53.96098904017429,82,401,0,0,0,0,1.0,0.0,0.0,0.0,0.0,2TM,C,1446.0
214,Jalen Johnson,10000,254.531,254.0,0.7168557647109601,0.7453874538745388,64.86016283569072,53,425,0,0,0,0,1.0,0.0,0.0,0.0,0.0,ATL,SF,2532.0
215,Lauri Markkanen,10000,260.7244,259.0,0.7347885688228879,0.7493261455525606,58.56655742661406,83,416,0,0,0,0,1.0,0.0,0.0,0.0,0.0,UTA,PF,1443.0
216,Dru Smith,10000,251.9804,256.0,0.7194769590931619,0.7527675276752768,60.67574944322533,45,434,0,0,0,0,1.0,0.0,0.0,0.0,0.0,MIA,SG,1141.0
217,Draymond Green,10000,258.5694,257.0,0.7381849573536593,0.7574123989218329,51.18434494410111,64,433,0,0,0,0,1.0,0.0,0.0,0.0,0.0,GSW,PF,1869.0
218,Alex Sarr,10000,259.9965,260.0,0.7345541270014934,0.7664399092970522,63.55059524163063,53,420,0,0,0,0,1.0,0.0,0.0,0.0,0.0,WAS,C,1305.0
219,Zion Williamson,10000,265.7944,265.0,0.7501867326400072,0.7712177121771218,59.32892988106304,69,422,0,0,0,0,1.0,0.0,0.0,0.0,0.0,NOP,PF,1841.0
220,Bub Carrington,10000,271.4647,270.0,0.7746219524917692,0.7816711590296496,41.49715117047831,148,404,0,0,0,0,1.0,0.0,0.0,0.0,0.0,WAS,PG,2271.0
221,Jakob Poeltl,10000,273.6828,271.0,0.7782737245376992,0.7896678966789668,47.46312314803879,106,399,0,0,0,0,1.0,0.0,0.0,0.0,0.0,TOR,C,1149.0
222,Oso Ighodaro,10000,275.8673,273.0,0.7842675331511954,0.796923076923077,49.410055920557404,85,410,0,0,0,0,1.0,0.0,0.0,0.0,0.0,PHO,PF,1808.0
223,Deni Avdija,10000,279.6644,275.0,0.7894454341659,0.796923076923077,57.446172883125044,109,422,0,0,0,0,1.0,0.0,0.0,0.0,0.0,POR,SF,2199.0
224,Luka Garza,10000,275.4919,273.0,0.78221892942133,0.8005390835579514,53.566863593807014,85,412,0,0,0,0,1.0,0.0,0.0,0.0,0.0,BOS,C,1118.0
225,LeBron James,10000,282.3394,279.0,0.7962627944767526,0.8049886621315193,61.30895274271666,77,438,0,0,0,0,1.0,0.0,0.0,0.0,0.0,LAL,SF,1989.0
226,Deandre Ayton,10000,279.9342,276.0,0.7963115492129703,0.8049886621315193,46.44226694268787,123,398,0,0,0,0,1.0,0.0,0.0,0.0,0.0,LAL,C,1958.0
227,Devin Booker,10000,284.2954,280.0,0.8022398536200475,0.8095238095238095,59.85380511411658,87,425,0,0,0,0,1.0,0.0,0.0,0.0,0.0,PHO,SG,2146.0
228,Anthony Edwards,10000,285.683,281.0,0.8069484205505602,0.8140589569160998,57.665369507912345,115,422,0,0,0,0,1.0,0.0,0.0,0.0,0.0,MIN,SG,2137.0
229,Jamal Shead,10000,283.1598,281.0,0.8091015217395017,0.8153846153846154,38.606358401834534,172,396,0,0,0,0,1.0,0.0,0.0,0.0,0.0,TOR,PG,1852.0
230,Craig Porter Jr.,10000,285.964,283.0,0.8147361795492734,0.8184615384615385,42.321562063108566,153,397,0,0,0,0,1.0,0.0,0.0,0.0,0.0,CLE,PG,1148.0
231,Jarrett Allen,10000,289.1708,284.0,0.8180274589192857,0.8247978436657682,54.61831875327495,86,410,0,0,0,0,1.0,0.0,0.0,0.0,0.0,CLE,C,1519.0
232,Kel'el Ware,10000,287.8854,284.0,0.8160320499261389,0.8274932614555256,54.205365869154534,92,418,0,0,0,0,1.0,0.0,0.0,0.0,0.0,MIA,C,1704.0
233,Jaylen Brown,10000,290.0832,285.0,0.8204106548801752,0.8301886792452831,59.15767609384341,76,431,0,0,0,0,1.0,0.0,0.0,0.0,0.0,BOS,SF,2443.0
234,Alperen Şengün,10000,292.6039,286.0,0.8284847781711442,0.8328840970350404,53.56989245955066,168,419,0,0,0,0,1.0,0.0,0.0,0.0,0.0,HOU,C,2398.0
235,Karl-Anthony Towns,10000,296.5016,291.0,0.838670995237086,0.8413284132841329,56.95353516645649,154,430,0,0,0,0,1.0,0.0,0.0,0.0,0.0,NYK,C,2322.0
236,Jamal Murray,10000,303.6645,297.0,0.8584284491448274,0.8598382749326146,57.37833011709829,162,422,0,0,0,0,1.0,0.0,0.0,0.0,0.0,DEN,PG,2652.0
237,Daniel Gafford,10000,300.0363,296.0,0.8525634986529954,0.8671586715867159,52.01355134253303,94,418,0,0,0,0,1.0,0.0,0.0,0.0,0.0,DAL,C,1195.0
238,James Harden,10000,304.549,298.0,0.8611969995868627,0.8671586715867159,58.24588618371036,137,433,0,0,0,0,1.0,0.0,0.0,0.0,0.0,2TM,PG,2438.0
239,Jusuf Nurkić,10000,304.4223,300.0,0.8634796923579211,0.8708487084870848,54.94913742253236,131,436,0,0,0,0,1.0,0.0,0.0,0.0,0.0,UTA,C,1083.0
240,Nolan Traoré,10000,303.9682,301.0,0.8659409944546765,0.8733153638814016,46.27237298875209,181,427,0,0,0,0,1.0,0.0,0.0,0.0,0.0,BRK,PG,1243.0
241,Moussa Diabaté,10000,306.1505,300.0,0.8689315180000494,0.8769230769230769,52.32493898394883,159,423,0,0,0,0,1.0,0.0,0.0,0.0,0.0,CHO,C,1899.0
242,Tyrese Maxey,10000,310.155,303.0,0.8769541638462172,0.88,58.83132913277387,158,430,0,0,0,0,1.0,0.0,0.0,0.0,0.0,PHI,PG,2661.0
243,LaMelo Ball,10000,308.3327,302.0,0.8728960033216635,0.8830769230769231,58.761505274798886,99,434,0,0,0,0,1.0,0.0,0.0,0.0,0.0,CHO,PG,2017.0
244,Donovan Mitchell,10000,312.5117,305.0,0.8834645179761131,0.8866213151927438,59.69195235563673,121,431,0,0,0,0,1.0,0.0,0.0,0.0,0.0,CLE,SG,2342.0
245,Neemias Queta,10000,310.1518,302.0,0.8797917553113602,0.8929889298892989,54.60954107990365,127,421,0,0,0,0,1.0,0.0,0.0,0.0,0.0,BOS,C,1926.0
246,Andre Drummond,10000,309.4718,304.0,0.8813496845274879,0.8941513712403201,47.939741620524764,176,435,0,0,0,0,1.0,0.0,0.0,0.0,0.0,PHI,C,1231.0
247,Jalen Brunson,10000,315.4939,307.0,0.8920742403179264,0.894878706199461,59.20319133776877,193,431,0,0,0,0,1.0,0.0,0.0,0.0,0.0,NYK,PG,2590.0
248,Cade Cunningham,10000,313.678,306.0,0.8880820988401467,0.8966789667896679,58.94747828804596,108,436,0,0,0,0,1.0,0.0,0.0,0.0,0.0,DET,PG,2172.0
249,Chet Holmgren,10000,315.1713,308.0,0.8918202096758127,0.9002267573696145,58.72660247020745,179,436,0,0,0,0,1.0,0.0,0.0,0.0,0.0,OKC,PF,1997.0
250,Day'Ron Sharpe,10000,313.8142,307.0,0.8894631111353026,0.9003690036900369,56.862421790328064,144,436,0,0,0,0,1.0,0.0,0.0,0.0,0.0,BRK,C,1160.0
251,Mark Williams,10000,315.8145,306.0,0.8949002834933096,0.9040590405904059,55.95901742269155,150,427,0,0,0,0,1.0,0.0,0.0,0.0,0.0,PHO,C,1416.0
252,Kevin Durant,10000,319.9665,311.0,0.9047448014603875,0.9077490774907749,60.112533879574414,188,435,0,0,0,0,1.0,0.0,0.0,0.0,0.0,HOU,SF,2840.0
253,Donovan Clingan,10000,317.8408,310.0,0.9007968693029805,0.9114391143911439,56.91498560940426,167,437,0,0,0,0,1.0,0.0,0.0,0.0,0.0,POR,C,2094.0
254,Yves Missi,10000,317.14,310.5,0.9024019956086413,0.9188191881918819,50.937933480920954,200,434,0,0,0,0,1.0,0.0,0.0,0.0,0.0,NOP,C,1297.0
255,Isaiah Hartenstein,10000,324.6442,314.0,0.9200120688376008,0.9261992619926199,56.78250991021064,197,434,0,0,0,0,1.0,0.0,0.0,0.0,0.0,OKC,C,1137.0
256,Jaxson Hayes,10000,326.0991,316.0,0.9252843430139405,0.9353099730458221,55.48637988754809,205,436,0,0,0,0,1.0,0.0,0.0,0.0,0.0,LAL,C,1207.0
257,Stephen Curry,10000,330.3623,318.0,0.9343824073729864,0.9384615384615385,61.32349872487365,181,437,0,0,0,0,1.0,0.0,0.0,0.0,0.0,GSW,PG,1329.0
258,Ryan Nembhard,10000,329.1564,319.0,0.9345835103069683,0.940959409594096,53.78822971994567,237,432,0,0,0,0,1.0,0.0,0.0,0.0,0.0,DAL,PG,1171.0
259,Adem Bona,10000,332.7165,319.0,0.9441990967652302,0.9507692307692308,55.199252019319594,235,433,0,0,0,0,1.0,0.0,0.0,0.0,0.0,PHI,C,1234.0
260,Joel Embiid,10000,336.4794,321.0,0.9515057264636898,0.955719557195572,62.36748628872741,221,438,0,0,0,0,1.0,0.0,0.0,0.0,0.0,PHI,C,1201.0
261,Rudy Gobert,10000,336.8845,325.5,0.9542241262860234,0.9569160997732427,59.079932325539794,236,436,0,0,0,0,1.0,0.0,0.0,0.0,0.0,MIN,C,2380.0
262,Jalen Duren,10000,338.3079,328.5,0.9575478501932142,0.9595687331536388,60.73275511900012,240,437,0,0,0,0,1.0,0.0,0.0,0.0,0.0,DET,C,1976.0
263,Luke Kornet,10000,338.2205,322.0,0.9582613480277073,0.963076923076923,58.84899319572078,234,435,0,0,0,0,1.0,0.0,0.0,0.0,0.0,SAS,C,1430.0
264,Kawhi Leonard,10000,339.2481,323.0,0.9596805650819542,0.9692307692307692,62.36751010760103,220,440,0,0,0,0,1.0,0.0,0.0,0.0,0.0,LAC,SF,2085.0
265,Ryan Kalkbrenner,10000,344.1732,325.5,0.9749492026008889,0.9784366576819407,60.31436963177525,231,442,0,0,0,0,1.0,0.0,0.0,0.0,0.0,CHO,C,1479.0
266,Luka Dončić,10000,345.7303,326.5,0.9784463031007621,0.9838274932614556,62.429242370385246,227,441,0,0,0,0,1.0,0.0,0.0,0.0,0.0,LAL,PG,2289.0
267,Jericho Sims,10000,347.6547,326.0,0.984972005586772,0.9876923076923076,60.6549467905711,246,442,0,0,0,0,1.0,0.0,0.0,0.0,0.0,MIL,C,1318.0
268,Mitchell Robinson,10000,348.8862,352.5,0.9880318265498914,0.9886621315192744,61.56525381745585,258,442,0,0,0,0,1.0,0.0,0.0,0.0,0.0,NYK,C,1175.0
269,Shai Gilgeous-Alexander,10000,348.9353,350.5,0.9877499330794273,0.9892183288409704,62.406114814388495,249,442,0,0,0,0,1.0,0.0,0.0,0.0,0.0,OKC,PG,2259.0
270,Giannis Antetokounmpo,10000,350.3886,351.0,0.9920288873797395,0.9938461538461538,62.346625411565256,246,442,0,0,0,0,1.0,0.0,0.0,0.0,0.0,MIL,PF,1039.0
271,Victor Wembanyama,10000,350.3637,337.5,0.9919272199768484,0.9954648526077098,62.47832885463287,213,442,0,0,0,0,1.0,0.0,0.0,0.0,0.0,SAS,C,1866.0
272,Nikola Jokić,10000,352.2969,359.5,0.9976453009318731,1.0,62.28975478957326,252,442,0,0,0,0,1.0,0.0,0.0,0.0,0.0,DEN,C,2265.0
