Player,adv_astpct,adv_blkpct,adv_bpm,adv_drbpct,adv_ftr,adv_orbpct,adv_stlpct,adv_tovpct,adv_tspct,adv_usgpct,age,ast_2p_rate,ast_3p_rate,corner3_share,dunk_fga_rate,height_in,minutes,minutes_per_game,p100_pts,pos,pos_cpct,pos_pfpct,pos_pgpct,pos_sfpct,pos_sgpct,shot_0_3_freq,shot_10_16_freq,shot_16_3p_freq,shot_3_10_freq,shot_3p_freq,team,weight_lb
Luka Dončić,40.5,1.4,9.3,22.5,0.443,2.2,2.2,12.8,0.616,38.1,26.0,0.219,0.382,0.058,0.003,,2289.0,35.8,45.7,PG,0,0,86,0,14,0.076,0.186,0.063,0.198,0.476,LAL,
Shai Gilgeous-Alexander,35.0,2.3,11.7,11.7,0.465,1.9,2.0,8.7,0.665,33.4,27.0,0.183,0.27,0.054,0.015,78.0,2259.0,33.2,45.3,PG,0,0,100,0,0,0.228,0.273,0.101,0.173,0.226,OKC,195.0
Anthony Edwards,17.6,2.0,4.5,13.4,0.355,1.9,1.9,10.9,0.617,31.5,24.0,0.302,0.561,0.089,0.045,76.0,2137.0,35.0,39.3,SG,0,1,1,34,64,0.18,0.15,0.104,0.149,0.418,MIN,225.0
Jaylen Brown,25.9,1.1,3.3,18.1,0.347,3.7,1.5,12.7,0.573,36.2,29.0,0.324,0.536,0.119,0.027,78.0,2443.0,34.4,42.2,SF,0,23,0,64,13,0.16,0.171,0.145,0.262,0.262,BOS,223.0
Tyrese Maxey,28.9,1.9,5.4,11.0,0.278,1.0,2.4,9.2,0.588,29.4,25.0,0.378,0.595,0.077,0.021,74.0,2661.0,38.0,35.9,PG,0,0,98,0,3,0.232,0.094,0.073,0.203,0.399,PHI,200.0
Kawhi Leonard,21.0,1.2,8.0,18.6,0.331,4.1,2.9,8.4,0.629,33.5,34.0,0.33,0.57,0.092,0.044,78.0,2085.0,32.1,43.3,SF,1,30,0,67,3,0.128,0.204,0.109,0.205,0.354,LAC,225.0
Donovan Mitchell,27.9,0.8,5.1,12.4,0.306,2.4,2.1,11.1,0.613,32.2,29.0,0.275,0.607,0.12,0.014,74.0,2342.0,33.5,40.1,SG,0,2,19,25,54,0.189,0.113,0.067,0.192,0.439,CLE,215.0
Nikola Jokić,50.3,2.2,14.2,30.4,0.424,10.0,2.0,15.3,0.67,30.4,30.0,0.564,0.804,0.061,0.019,,2265.0,34.8,38.8,C,100,0,0,0,0,0.216,0.11,0.04,0.374,0.261,DEN,
Giannis Antetokounmpo,38.7,2.3,9.5,27.4,0.597,10.7,1.6,13.2,0.658,37.0,31.0,0.475,0.867,0.022,0.247,83.0,1039.0,28.9,47.0,PF,29,62,0,9,0,0.61,0.064,0.09,0.161,0.075,MIL,243.0
Joel Embiid,21.7,3.6,4.9,20.0,0.481,6.7,0.8,11.4,0.605,33.5,31.0,0.608,0.868,0.05,0.024,84.0,1201.0,31.6,41.0,C,100,0,0,0,0,0.224,0.221,0.178,0.149,0.228,PHI,270.0
Lauri Markkanen,10.1,1.4,2.6,15.7,0.333,6.1,1.4,6.4,0.608,28.1,28.0,0.717,0.948,0.207,0.096,85.0,1443.0,34.4,36.5,PF,20,68,0,12,0,0.21,0.073,0.047,0.267,0.402,UTA,240.0
Stephen Curry,27.0,1.2,5.4,11.7,0.277,1.4,1.8,11.9,0.637,32.5,37.0,0.511,0.716,0.066,0.001,74.0,1329.0,30.9,41.7,PG,0,0,100,0,0,0.108,0.063,0.066,0.158,0.606,GSW,185.0
Devin Booker,30.2,0.8,2.2,10.7,0.434,2.4,1.2,12.3,0.585,32.2,29.0,0.337,0.631,0.081,0.014,77.0,2146.0,33.5,38.4,SG,0,3,5,38,54,0.138,0.235,0.149,0.169,0.309,PHO,206.0
Jalen Brunson,31.3,0.3,3.1,9.4,0.285,1.3,1.1,9.5,0.58,30.4,29.0,0.213,0.559,0.167,0.0,74.0,2590.0,35.0,36.9,PG,0,0,96,0,4,0.116,0.207,0.097,0.222,0.358,NYK,190.0
Kevin Durant,20.7,2.3,4.5,14.8,0.339,1.6,1.1,13.5,0.641,27.1,37.0,0.472,0.731,0.102,0.042,83.0,2840.0,36.4,35.6,SF,0,8,0,61,32,0.065,0.307,0.156,0.145,0.327,HOU,240.0
Jamal Murray,31.1,1.0,4.1,12.0,0.287,1.4,1.2,10.0,0.622,27.9,28.0,0.342,0.563,0.107,0.009,76.0,2652.0,35.4,35.1,PG,0,0,100,0,0,0.127,0.14,0.124,0.195,0.414,DEN,215.0
Victor Wembanyama,17.6,9.4,10.7,33.9,0.417,7.7,1.7,10.8,0.626,32.4,22.0,0.647,0.893,0.077,0.181,88.0,1866.0,29.2,41.2,C,100,0,0,0,0,0.328,0.119,0.081,0.148,0.324,SAS,235.0
Deni Avdija,32.2,1.7,4.3,19.0,0.573,3.6,1.1,16.0,0.6,29.3,25.0,0.39,0.792,0.115,0.023,80.0,2199.0,33.3,34.7,SF,0,14,0,62,23,0.29,0.07,0.026,0.243,0.369,POR,228.0
Michael Porter Jr.,18.2,0.7,3.0,21.7,0.237,4.5,1.6,10.3,0.595,30.5,27.0,0.653,0.858,0.13,0.053,82.0,1689.0,32.5,36.9,SF,0,21,0,76,3,0.185,0.075,0.103,0.13,0.506,BRK,218.0
Pascal Siakam,19.9,1.0,0.7,17.4,0.327,4.6,1.6,9.5,0.562,30.1,31.0,0.482,0.857,0.157,0.01,80.0,2057.0,33.2,34.3,PF,11,84,0,6,0,0.213,0.183,0.074,0.277,0.254,IND,245.0
Cade Cunningham,45.2,2.5,6.3,15.2,0.321,2.9,2.0,14.8,0.564,30.5,24.0,0.291,0.488,0.049,0.041,78.0,2172.0,33.9,34.1,PG,0,0,83,0,17,0.179,0.14,0.073,0.3,0.308,DET,220.0
James Harden,34.7,1.1,3.9,13.6,0.467,1.9,1.6,15.3,0.61,28.6,36.0,0.114,0.414,0.052,0.001,77.0,2438.0,34.8,33.3,PG,0,0,46,2,52,0.139,0.093,0.033,0.224,0.51,2TM,220.0
Keyonte George,28.4,0.8,0.9,10.9,0.429,1.4,1.5,13.7,0.609,27.9,22.0,0.515,0.724,0.122,0.033,76.0,1786.0,33.1,33.5,PG,0,0,100,0,0,0.101,0.117,0.096,0.276,0.41,UTA,185.0
Austin Reaves,24.0,1.1,2.8,13.3,0.487,2.3,1.6,14.0,0.641,26.7,27.0,0.318,0.703,0.125,0.005,77.0,1762.0,34.5,32.9,SG,0,1,16,34,50,0.15,0.122,0.021,0.277,0.43,LAL,197.0
Jalen Johnson,33.5,1.1,4.2,27.8,0.311,4.3,1.7,14.9,0.581,27.0,24.0,0.481,0.825,0.065,0.073,80.0,2532.0,35.2,30.2,SF,0,92,0,8,0,0.252,0.144,0.053,0.273,0.278,ATL,219.0
Paolo Banchero,23.4,1.4,1.4,23.4,0.512,3.8,1.0,13.6,0.566,27.6,23.0,0.445,0.762,0.178,0.057,82.0,2502.0,34.8,30.7,PF,5,95,0,0,0,0.289,0.151,0.06,0.261,0.239,ORL,250.0
Jayson Tatum,25.1,0.6,4.8,31.3,0.275,1.7,2.1,10.8,0.541,30.0,27.0,0.239,0.532,0.07,0.017,80.0,522.0,32.6,33.7,PF,5,95,0,0,0,0.171,0.098,0.066,0.167,0.498,BOS,210.0
Norman Powell,12.5,0.7,1.6,11.0,0.355,1.3,1.7,9.7,0.609,27.2,32.0,0.581,0.859,0.149,0.013,75.0,1717.0,29.6,34.1,SG,0,0,9,4,87,0.2,0.087,0.048,0.207,0.458,MIA,215.0
Brandon Ingram,16.8,2.0,0.5,16.1,0.276,2.7,1.1,11.5,0.573,26.9,28.0,0.424,0.933,0.252,0.042,80.0,2604.0,33.8,31.0,SF,0,20,0,76,4,0.147,0.266,0.177,0.136,0.274,TOR,190.0
Trey Murphy III,16.2,1.0,2.4,14.6,0.234,2.9,2.0,9.4,0.613,22.7,25.0,0.721,0.832,0.096,0.107,80.0,2341.0,35.5,29.0,SF,0,8,0,63,29,0.21,0.071,0.026,0.154,0.538,NOP,206.0
Julius Randle,23.1,0.6,1.5,16.5,0.411,5.7,1.6,13.2,0.585,26.5,31.0,0.439,0.853,0.22,0.053,81.0,2610.0,33.0,30.5,PF,5,93,0,3,0,0.27,0.14,0.074,0.229,0.287,MIN,250.0
Cooper Flagg,21.5,2.3,1.4,17.0,0.286,3.9,1.7,10.7,0.548,26.9,19.0,0.402,0.708,0.119,0.071,81.0,2344.0,33.5,29.6,SF,1,60,0,37,1,0.218,0.151,0.116,0.311,0.204,DAL,205.0
Zion Williamson,17.7,1.7,2.9,13.5,0.576,7.2,1.6,11.1,0.644,25.7,25.0,0.524,1.0,0.0,0.103,78.0,1841.0,29.7,33.8,PF,10,83,0,7,0,0.575,0.038,0.004,0.378,0.005,NOP,284.0
LeBron James,34.1,1.6,3.5,18.3,0.344,2.6,1.8,14.5,0.594,27.2,41.0,0.518,0.649,0.193,0.112,81.0,1989.0,33.2,30.8,SF,0,19,0,59,22,0.292,0.123,0.086,0.235,0.264,LAL,250.0
Nickeil Alexander-Walker,15.8,1.5,1.2,9.1,0.257,2.1,1.9,10.9,0.61,23.9,27.0,0.519,0.92,0.262,0.01,77.0,2603.0,33.4,29.5,SG,0,0,33,4,63,0.216,0.078,0.052,0.128,0.526,ATL,205.0
Shaedon Sharpe,15.4,0.4,-1.4,12.4,0.227,3.7,2.3,13.3,0.546,30.5,22.0,0.429,0.544,0.111,0.076,77.0,1471.0,29.4,33.8,SG,0,0,41,6,53,0.244,0.106,0.113,0.184,0.353,POR,210.0
Franz Wagner,18.2,1.0,2.5,14.8,0.391,4.7,1.5,8.9,0.588,27.0,24.0,0.515,0.771,0.173,0.03,82.0,1019.0,30.0,32.9,SF,1,50,0,49,0,0.258,0.075,0.047,0.345,0.274,ORL,220.0
Tyler Herro,19.7,1.0,2.0,14.6,0.21,1.4,1.0,10.2,0.602,24.7,26.0,0.497,0.75,0.108,0.004,77.0,1033.0,31.3,30.4,SG,0,0,5,20,75,0.091,0.181,0.047,0.25,0.431,MIA,195.0
Anthony Davis,15.1,4.5,2.4,26.7,0.243,10.6,1.7,10.0,0.551,27.5,32.0,0.56,0.9,0.135,0.141,82.0,626.0,31.3,30.7,PF,89,11,0,0,0,0.332,0.156,0.123,0.278,0.111,DAL,253.0
Alperen Şengün,28.9,3.0,4.2,19.4,0.335,10.1,1.8,15.0,0.569,26.6,23.0,0.422,0.825,0.053,0.08,,2398.0,33.3,30.5,C,86,14,0,0,0,0.285,0.146,0.038,0.414,0.117,HOU,
Dillon Brooks,9.6,0.5,-2.3,10.8,0.211,2.7,1.7,8.6,0.54,28.6,30.0,0.283,0.78,0.146,0.005,79.0,1702.0,30.4,32.8,SF,2,91,0,7,0,0.093,0.234,0.106,0.182,0.385,PHO,225.0
Brandon Miller,17.8,2.1,1.6,14.0,0.214,4.1,1.7,12.5,0.574,28.1,23.0,0.476,0.814,0.126,0.06,79.0,1968.0,30.3,33.0,SF,0,10,0,87,3,0.122,0.124,0.045,0.199,0.511,CHO,200.0
Bam Adebayo,14.1,1.8,2.0,25.7,0.369,6.5,1.7,8.3,0.551,25.0,28.0,0.612,0.961,0.313,0.079,81.0,2365.0,32.4,28.8,C,79,21,0,0,0,0.205,0.148,0.045,0.252,0.349,MIA,255.0
LaMelo Ball,42.6,0.8,4.7,15.5,0.144,3.7,2.1,13.2,0.546,32.0,24.0,0.252,0.621,0.122,0.006,79.0,2017.0,28.0,35.5,PG,0,0,94,0,6,0.112,0.087,0.022,0.185,0.595,CHO,180.0
Desmond Bane,19.3,1.2,1.4,9.8,0.287,3.9,1.5,10.8,0.607,23.3,27.0,0.526,0.796,0.197,0.002,78.0,2756.0,33.6,28.7,SG,0,0,2,29,69,0.226,0.105,0.065,0.251,0.354,ORL,215.0
Karl-Anthony Towns,14.7,1.8,3.3,31.7,0.403,11.2,1.4,13.3,0.619,25.9,30.0,0.577,0.947,0.049,0.079,84.0,2322.0,31.0,32.1,C,100,0,0,0,0,0.408,0.034,0.037,0.224,0.297,NYK,248.0
Jimmy Butler,24.3,0.6,5.5,11.8,0.621,8.2,2.3,9.3,0.646,23.3,36.0,0.505,0.719,0.435,0.067,,1182.0,31.1,31.2,SF,0,54,0,39,6,0.342,0.121,0.05,0.303,0.184,GSW,
Ty Jerome,44.9,1.1,7.7,10.1,0.26,3.5,2.2,10.1,0.616,32.7,28.0,0.3,0.238,0.05,0.0,77.0,339.0,22.6,41.2,SG,0,0,26,10,64,0.098,0.172,0.023,0.242,0.465,MEM,195.0
Jalen Duren,11.0,3.0,5.0,26.4,0.535,15.3,1.4,11.6,0.688,23.6,22.0,0.648,,,0.25,82.0,1976.0,28.2,33.4,C,100,0,0,0,0,0.522,0.031,0.021,0.426,0.0,DET,250.0
Ja Morant,45.1,1.0,-1.5,11.0,0.363,1.5,1.7,16.0,0.521,32.5,26.0,0.241,0.7,0.141,0.031,74.0,569.0,28.5,32.4,PG,0,0,100,0,0,0.227,0.177,0.075,0.258,0.264,MEM,174.0
Jaren Jackson Jr.,10.4,4.4,-0.6,17.4,0.282,3.1,1.7,11.7,0.576,26.2,26.0,0.581,0.976,0.226,0.021,82.0,1454.0,30.3,30.3,C,45,55,0,0,0,0.147,0.146,0.004,0.376,0.327,2TM,242.0
RJ Barrett,16.8,1.1,0.2,16.3,0.342,3.6,1.2,9.5,0.585,25.8,25.0,0.6,0.948,0.251,0.043,78.0,1726.0,30.3,31.0,SF,0,6,0,39,55,0.304,0.071,0.006,0.272,0.347,TOR,214.0
Zach LaVine,11.2,0.8,-1.5,9.4,0.26,0.7,1.1,10.8,0.614,23.7,30.0,0.577,0.768,0.197,0.055,77.0,1224.0,31.4,29.6,SG,0,5,33,25,37,0.157,0.062,0.132,0.185,0.464,SAC,200.0
Darius Garland,34.9,0.6,-0.2,7.4,0.182,1.5,1.6,15.2,0.582,27.4,26.0,0.299,0.557,0.11,0.0,73.0,1344.0,29.9,30.6,PG,0,0,92,0,8,0.15,0.106,0.058,0.228,0.458,2TM,192.0
CJ McCollum,19.7,1.4,-0.3,9.2,0.205,2.9,1.3,9.7,0.566,25.7,34.0,0.347,0.665,0.151,0.003,75.0,2264.0,29.8,29.7,PG,0,0,77,0,23,0.135,0.146,0.092,0.185,0.442,2TM,190.0
De'Aaron Fox,29.6,0.8,2.2,10.7,0.235,2.1,1.9,12.4,0.578,24.9,28.0,0.302,0.702,0.213,0.013,75.0,2231.0,31.0,28.8,PG,0,0,99,0,1,0.201,0.151,0.067,0.204,0.377,SAS,185.0
Jerami Grant,11.0,1.9,0.0,9.3,0.441,3.5,1.2,12.0,0.608,23.8,31.0,0.462,0.993,0.386,0.041,79.0,1695.0,29.7,29.9,PF,3,39,0,58,0,0.234,0.06,0.026,0.2,0.479,POR,213.0
Kon Knueppel,16.6,0.7,2.8,14.6,0.208,4.4,1.1,12.0,0.633,22.3,20.0,0.591,0.923,0.209,0.017,78.0,2551.0,31.5,29.1,SF,0,5,0,49,46,0.141,0.078,0.018,0.171,0.592,CHO,215.0
DeMar DeRozan,20.0,0.9,-0.1,9.1,0.429,1.6,1.6,7.4,0.594,22.8,36.0,0.42,0.894,0.361,0.01,78.0,2406.0,31.2,28.5,PF,0,39,0,55,6,0.091,0.302,0.277,0.184,0.146,SAC,220.0
Amen Thompson,20.4,1.5,2.6,14.0,0.374,8.9,2.0,13.5,0.594,20.0,23.0,0.53,0.96,0.586,0.209,79.0,2953.0,37.4,24.4,PG,0,0,83,1,16,0.383,0.112,0.06,0.333,0.111,HOU,200.0
Evan Mobley,16.8,5.2,3.0,22.7,0.346,8.3,1.1,11.0,0.596,22.6,24.0,0.654,0.887,0.139,0.253,83.0,2074.0,31.9,27.3,PF,65,35,0,0,0,0.406,0.073,0.023,0.254,0.243,CLE,215.0
Scottie Barnes,26.3,4.2,4.2,19.3,0.264,6.3,2.1,14.3,0.577,23.4,24.0,0.557,0.926,0.259,0.112,80.0,2681.0,33.5,26.3,PF,31,67,0,2,0,0.302,0.181,0.069,0.249,0.199,TOR,237.0
Trae Young,45.8,0.5,2.8,7.4,0.548,1.1,1.6,15.1,0.612,28.1,27.0,0.426,0.481,0.1,0.0,74.0,384.0,25.6,33.1,PG,0,0,100,0,0,0.147,0.153,0.073,0.175,0.452,2TM,164.0
Jalen Green,18.6,0.9,-1.1,13.9,0.17,2.1,2.0,11.6,0.516,31.9,23.0,0.331,0.606,0.198,0.043,76.0,828.0,25.9,33.9,SG,0,1,9,27,63,0.223,0.078,0.125,0.131,0.443,PHO,186.0
Saddiq Bey,11.9,0.3,0.5,13.5,0.305,5.7,1.4,5.8,0.579,21.6,26.0,0.442,0.927,0.308,0.047,80.0,2246.0,31.2,27.1,SF,0,46,0,51,2,0.27,0.071,0.024,0.209,0.426,NOP,215.0
Bennedict Mathurin,12.0,0.7,-2.5,16.5,0.496,3.9,1.3,12.5,0.575,25.2,23.0,0.556,0.693,0.143,0.038,77.0,1620.0,30.0,28.4,SF,1,12,2,51,35,0.213,0.112,0.114,0.21,0.352,2TM,210.0
Coby White,24.8,0.4,-1.3,13.1,0.387,1.5,0.9,14.9,0.595,28.8,25.0,0.301,0.783,0.116,0.002,76.0,1249.0,25.0,33.1,SG,0,0,47,8,45,0.238,0.066,0.045,0.141,0.51,2TM,210.0
Kevin Porter Jr.,33.8,1.5,2.1,14.6,0.304,3.1,3.2,15.9,0.567,24.3,25.0,0.228,0.63,0.203,0.064,77.0,1261.0,33.2,25.8,PG,0,0,44,0,56,0.251,0.128,0.132,0.21,0.278,MIL,203.0
Paul George,17.7,1.3,1.7,17.1,0.216,1.9,2.6,10.2,0.57,23.3,35.0,0.36,0.78,0.22,0.014,80.0,1135.0,30.7,27.3,PF,0,55,0,45,0,0.115,0.15,0.133,0.105,0.497,PHI,230.0
Ryan Rollins,27.1,1.3,0.2,13.4,0.152,2.6,2.3,15.5,0.583,24.2,23.0,0.248,0.636,0.214,0.015,75.0,2376.0,32.1,26.5,PG,0,0,96,0,4,0.204,0.13,0.074,0.152,0.44,MIL,180.0
Miles Bridges,15.9,1.3,1.1,17.4,0.243,3.6,1.0,8.5,0.57,22.3,27.0,0.523,0.926,0.279,0.073,79.0,2387.0,31.0,27.3,PF,2,95,0,3,0,0.231,0.041,0.014,0.286,0.427,CHO,225.0
Chet Holmgren,8.6,6.4,4.2,25.3,0.365,7.4,1.0,10.6,0.653,21.9,23.0,0.63,0.966,0.198,0.194,85.0,1997.0,28.9,28.6,PF,62,37,0,1,0,0.344,0.095,0.041,0.208,0.312,OKC,208.0
Jalen Williams,29.3,0.9,2.1,13.9,0.289,3.3,2.0,11.1,0.56,26.2,24.0,0.358,0.739,0.169,0.067,77.0,936.0,28.4,29.1,SG,0,31,0,51,18,0.294,0.213,0.061,0.26,0.173,OKC,211.0
Josh Giddey,41.1,1.4,2.7,23.1,0.318,4.2,1.5,19.3,0.562,24.4,23.0,0.326,0.806,0.131,0.011,79.0,1731.0,32.1,24.9,PG,0,0,49,3,48,0.261,0.054,0.028,0.262,0.395,CHI,214.0
Payton Pritchard,23.5,0.4,2.3,10.2,0.125,3.0,1.1,8.7,0.584,21.4,28.0,0.245,0.736,0.075,0.0,73.0,2556.0,32.4,26.6,PG,0,0,100,0,0,0.083,0.173,0.057,0.171,0.515,BOS,195.0
Andrew Nembhard,37.0,0.4,-0.8,8.4,0.311,1.5,1.4,13.8,0.564,23.6,26.0,0.354,0.664,0.078,0.005,76.0,1786.0,31.3,25.7,PG,0,0,77,0,23,0.141,0.159,0.143,0.163,0.393,IND,191.0
Kristaps Porziņģis,16.1,4.5,1.9,18.5,0.407,5.6,1.1,8.2,0.582,27.3,30.0,0.563,0.981,0.106,0.077,,769.0,24.0,33.1,C,100,0,0,0,0,0.16,0.124,0.106,0.198,0.412,2TM,
OG Anunoby,9.2,2.2,2.0,13.4,0.275,4.3,2.3,12.0,0.62,19.7,28.0,0.668,0.968,0.459,0.173,79.0,2224.0,33.2,24.9,PF,2,90,0,8,0,0.31,0.055,0.024,0.106,0.506,NYK,240.0
Stephon Castle,34.5,0.8,1.9,13.5,0.47,5.3,1.8,18.0,0.575,24.9,21.0,0.362,0.975,0.23,0.08,78.0,2038.0,30.0,26.7,PG,0,0,48,0,52,0.31,0.109,0.021,0.262,0.299,SAS,215.0
Dejounte Murray,35.4,0.7,1.4,19.9,0.247,1.1,2.8,18.9,0.58,26.6,29.0,0.217,0.684,0.161,0.011,76.0,389.0,27.8,28.8,PG,0,0,96,0,4,0.214,0.159,0.055,0.231,0.341,NOP,180.0
Grayson Allen,19.9,0.8,2.1,9.2,0.252,2.7,2.3,10.1,0.568,23.8,30.0,0.445,0.78,0.11,0.012,75.0,1467.0,28.8,28.3,SG,0,0,31,15,53,0.097,0.034,0.009,0.177,0.682,PHO,198.0
Derrick White,22.2,3.8,3.2,10.4,0.184,3.7,1.7,10.1,0.529,22.0,31.0,0.474,0.718,0.114,0.013,76.0,2625.0,34.1,24.4,SG,0,0,22,4,75,0.073,0.125,0.065,0.159,0.578,BOS,190.0
Immanuel Quickley,26.4,0.2,2.4,12.5,0.229,1.9,2.0,9.3,0.577,21.1,26.0,0.426,0.865,0.143,0.004,74.0,2231.0,31.9,25.1,PG,0,0,80,0,21,0.105,0.15,0.041,0.178,0.526,TOR,190.0
Matas Buzelis,10.3,4.5,-1.0,17.3,0.247,3.7,1.1,13.0,0.586,22.8,21.0,0.553,0.925,0.253,0.092,80.0,2248.0,29.2,26.1,PF,8,80,0,12,0,0.319,0.013,0.008,0.145,0.514,CHI,196.0
Jrue Holiday,32.1,0.3,1.9,12.3,0.148,4.9,1.7,16.2,0.573,23.5,35.0,0.317,0.569,0.163,0.004,76.0,1560.0,29.4,26.5,PG,0,0,75,0,25,0.14,0.097,0.045,0.207,0.511,POR,220.0
Alex Sarr,15.9,6.4,0.7,20.9,0.223,8.5,1.4,10.2,0.544,25.7,20.0,0.677,0.9,0.073,0.113,84.0,1305.0,27.2,28.4,C,99,1,0,0,0,0.262,0.104,0.043,0.363,0.229,WAS,205.0
Dariq Whitehead,7.5,0.0,-8.0,13.2,0.075,1.2,1.0,9.4,0.51,24.1,21.0,0.889,0.947,0.167,0.043,78.0,183.0,30.5,25.4,SF,70,25,0,4,1,0.14,0.032,0.032,0.151,0.645,MEM,220.0
Aaron Gordon,13.7,0.9,1.7,16.8,0.41,6.0,1.0,7.5,0.62,21.9,30.0,0.642,0.852,0.242,0.113,80.0,1005.0,27.9,28.3,PF,21,79,0,0,0,0.294,0.093,0.07,0.148,0.394,DEN,235.0
VJ Edgecombe,17.4,1.4,-0.5,12.7,0.176,5.0,2.0,11.0,0.54,20.1,20.0,0.437,0.812,0.138,0.068,76.0,2623.0,35.0,22.1,SG,0,0,28,0,72,0.222,0.124,0.069,0.176,0.409,PHI,190.0
Domantas Sabonis,21.3,0.7,0.6,31.0,0.348,12.3,1.5,16.7,0.59,23.0,29.0,0.678,1.0,0.222,0.104,82.0,564.0,29.7,25.8,C,82,18,0,0,0,0.421,0.077,0.005,0.376,0.122,SAC,240.0
Jabari Smith Jr.,7.3,2.4,-0.7,17.0,0.215,4.5,1.0,9.0,0.57,18.2,22.0,0.67,0.966,0.357,0.069,83.0,2705.0,35.1,22.4,PF,10,83,0,8,0,0.137,0.155,0.061,0.147,0.501,HOU,220.0
Collin Sexton,21.7,0.6,0.6,7.6,0.344,2.8,2.3,14.2,0.615,25.9,27.0,0.375,0.804,0.197,0.004,75.0,1614.0,23.7,31.5,SG,0,0,35,11,54,0.275,0.077,0.053,0.22,0.376,2TM,190.0
Jarrett Allen,9.7,2.9,2.6,24.0,0.494,10.5,1.7,10.4,0.669,19.9,27.0,0.818,1.0,0.6,0.256,81.0,1519.0,27.1,27.2,C,100,0,0,0,0,0.455,0.087,0.021,0.419,0.019,CLE,243.0
Jaime Jaquez Jr.,24.0,0.9,0.1,13.7,0.236,4.7,1.1,13.1,0.57,22.3,24.0,0.443,0.948,0.344,0.027,78.0,2121.0,28.3,25.2,SF,0,50,1,38,12,0.271,0.095,0.027,0.407,0.2,MIA,225.0
Andrew Wiggins,12.3,3.0,1.2,10.8,0.197,5.7,1.7,10.3,0.586,19.7,30.0,0.46,0.942,0.249,0.034,78.0,2063.0,30.3,23.5,SF,0,35,1,49,16,0.224,0.102,0.062,0.206,0.406,MIA,197.0
Naji Marshall,16.4,0.2,-0.6,13.6,0.365,3.2,1.8,11.1,0.592,20.5,28.0,0.493,0.952,0.469,0.012,78.0,2184.0,29.5,24.4,SF,0,20,0,57,22,0.21,0.135,0.026,0.37,0.259,DAL,220.0
Onyeka Okongwu,13.9,3.1,0.7,20.3,0.235,6.5,1.7,11.8,0.592,19.5,25.0,0.747,1.0,0.269,0.069,82.0,2297.0,31.0,23.1,C,97,3,0,0,0,0.23,0.045,0.005,0.274,0.445,ATL,240.0
Russell Westbrook,34.3,0.6,-0.4,16.6,0.218,4.7,2.2,18.5,0.528,25.9,37.0,0.226,0.828,0.269,0.011,76.0,1853.0,29.0,25.3,SF,0,7,8,38,48,0.136,0.099,0.069,0.244,0.452,SAC,200.0
Nikola Vučević,17.7,2.0,1.5,23.9,0.116,7.5,1.0,9.2,0.574,21.4,35.0,0.765,0.98,0.1,0.018,,1818.0,28.4,25.2,C,99,1,0,0,0,0.199,0.103,0.035,0.324,0.339,2TM,
Anthony Black,18.5,2.1,-0.6,11.6,0.299,2.7,2.3,13.1,0.549,22.2,22.0,0.596,0.82,0.28,0.104,79.0,1910.0,29.8,24.1,PG,0,0,49,1,50,0.258,0.071,0.045,0.237,0.389,ORL,200.0
Kennedy Chandler,29.4,0.5,-5.7,9.7,0.314,1.8,1.5,12.9,0.529,20.7,23.0,0.37,0.733,0.263,0.0,72.0,355.0,32.3,21.8,PG,0,0,100,0,0,0.255,0.088,0.036,0.343,0.277,UTA,170.0
Brice Sensabaugh,12.4,0.7,-2.6,11.0,0.235,3.4,1.4,11.6,0.59,24.9,22.0,0.634,0.87,0.233,0.04,78.0,1762.0,23.5,29.7,SF,1,20,0,56,24,0.111,0.137,0.041,0.196,0.516,UTA,235.0
Ayo Dosunmu,19.6,0.8,1.0,10.7,0.194,2.7,1.5,10.6,0.63,20.2,26.0,0.517,0.919,0.282,0.02,76.0,1881.0,27.3,25.6,SG,0,0,29,12,58,0.367,0.048,0.016,0.194,0.375,2TM,201.0
Kyshawn George,22.4,2.7,-1.2,15.9,0.227,3.3,1.6,16.5,0.559,22.8,22.0,0.331,0.818,0.192,0.019,80.0,1391.0,29.0,24.2,SF,3,49,0,47,1,0.135,0.137,0.078,0.199,0.451,WAS,200.0
Jaden McDaniels,12.2,2.7,-0.3,10.9,0.218,3.7,1.7,12.9,0.611,18.5,25.0,0.653,0.922,0.372,0.093,81.0,2316.0,31.7,22.3,PF,1,9,0,88,1,0.224,0.138,0.051,0.278,0.309,MIN,185.0
Peyton Watson,9.7,3.6,-1.2,14.4,0.325,3.6,1.5,12.3,0.594,20.6,23.0,0.652,0.975,0.401,0.105,80.0,1598.0,29.6,24.1,SF,0,32,0,52,16,0.244,0.102,0.057,0.258,0.339,DEN,200.0
Mikal Bridges,15.9,2.4,2.7,9.7,0.102,3.3,2.0,7.6,0.587,17.3,29.0,0.684,0.987,0.455,0.039,78.0,2692.0,32.8,21.8,SF,0,27,0,65,8,0.202,0.168,0.049,0.144,0.436,NYK,209.0
Walker Kessler,13.7,5.6,3.3,22.3,0.541,15.7,2.1,25.9,0.786,16.5,24.0,0.6,1.0,0.25,0.27,86.0,154.0,30.8,21.9,C,100,0,0,0,0,0.459,0.0,0.0,0.324,0.216,UTA,245.0
Anfernee Simons,14.6,0.6,-0.1,8.1,0.119,2.5,1.0,9.1,0.576,23.6,26.0,0.216,0.658,0.087,0.003,75.0,1372.0,24.9,28.7,SG,0,0,49,3,48,0.057,0.114,0.091,0.153,0.585,2TM,200.0
Jeremiah Fears,19.9,1.3,-2.7,12.4,0.245,3.0,2.2,13.8,0.525,25.5,19.0,0.369,0.693,0.124,0.022,75.0,2112.0,25.8,26.5,PG,0,0,92,0,8,0.326,0.101,0.047,0.222,0.304,NOP,190.0
Cormac Ryan,10.8,1.1,-0.8,8.3,0.255,3.4,2.0,13.0,0.692,21.3,27.0,0.385,0.889,0.237,0.01,77.0,271.0,24.6,28.5,SG,0,0,20,8,72,0.186,0.069,0.02,0.147,0.578,MIL,205.0
Scoot Henderson,22.8,1.1,-2.2,9.1,0.292,2.6,1.7,15.9,0.553,25.0,21.0,0.384,0.772,0.185,0.035,75.0,748.0,24.9,27.3,PG,0,0,100,0,0,0.205,0.073,0.064,0.184,0.474,POR,207.0
P.J. Washington,8.1,2.9,-1.6,18.7,0.277,5.2,1.5,11.3,0.537,20.1,27.0,0.586,0.961,0.415,0.088,79.0,1736.0,31.0,21.5,PF,14,85,0,2,0,0.243,0.059,0.018,0.324,0.356,DAL,230.0
Ivica Zubac,11.3,2.6,-0.3,27.2,0.295,13.3,0.6,13.6,0.622,19.2,28.0,0.667,,,0.195,84.0,1446.0,30.1,23.2,C,98,2,0,0,0,0.461,0.081,0.0,0.459,0.0,2TM,240.0
Tre Jones,29.2,0.5,1.3,9.9,0.368,2.3,2.0,11.4,0.637,19.2,26.0,0.49,0.829,0.346,0.002,73.0,1752.0,27.0,24.4,PG,0,0,98,0,2,0.48,0.06,0.013,0.237,0.211,CHI,190.0
Kelly Oubre Jr.,7.3,1.4,-1.4,14.2,0.267,3.4,2.1,10.2,0.58,18.2,30.0,0.53,0.953,0.335,0.07,80.0,1574.0,31.5,21.6,SF,0,23,0,75,2,0.224,0.075,0.017,0.244,0.439,PHI,210.0
Santi Aldama,15.7,2.4,1.7,20.2,0.239,6.0,1.5,9.5,0.572,20.2,25.0,0.804,0.986,0.245,0.044,84.0,1198.0,27.9,23.8,PF,7,84,0,9,0,0.206,0.082,0.029,0.263,0.42,MEM,215.0
Keegan Murray,6.8,4.2,-3.1,14.4,0.163,4.5,1.5,7.7,0.499,18.7,25.0,0.537,0.935,0.161,0.037,80.0,793.0,34.5,19.6,PF,0,76,0,24,0,0.083,0.223,0.08,0.24,0.373,SAC,225.0
Devin Vassell,11.0,1.1,0.5,11.8,0.172,2.1,1.3,6.9,0.574,18.0,25.0,0.671,0.964,0.299,0.029,77.0,2044.0,30.5,21.9,SG,0,0,16,31,54,0.089,0.18,0.098,0.061,0.572,SAS,200.0
Ace Bailey,9.7,2.4,-4.4,11.0,0.099,5.5,1.4,10.3,0.533,21.4,19.0,0.69,0.898,0.261,0.103,81.0,1988.0,27.6,23.4,SF,5,41,0,51,4,0.146,0.103,0.143,0.161,0.446,UTA,200.0
Aaron Nesmith,9.4,1.5,-3.4,11.6,0.217,3.8,0.9,10.1,0.554,19.8,26.0,0.804,0.971,0.274,0.027,77.0,1335.0,29.7,22.1,SF,0,3,0,61,37,0.152,0.104,0.053,0.15,0.541,IND,215.0
Brandin Podziemski,19.2,0.6,0.2,16.9,0.278,3.4,1.8,11.9,0.583,20.1,22.0,0.548,0.824,0.143,0.009,76.0,2333.0,28.5,23.5,SG,0,4,10,37,49,0.15,0.13,0.069,0.174,0.476,GSW,205.0
Jalen Suggs,29.6,2.3,2.5,13.2,0.18,2.5,3.2,17.8,0.561,22.9,24.0,0.375,0.811,0.189,0.025,77.0,1574.0,27.6,24.0,PG,0,0,89,0,11,0.156,0.109,0.052,0.128,0.555,ORL,205.0
De'Andre Hunter,10.6,0.5,-3.9,14.5,0.285,2.8,1.2,11.7,0.545,22.9,28.0,0.662,0.853,0.211,0.034,79.0,1176.0,26.1,25.1,SF,0,37,0,59,4,0.134,0.136,0.064,0.176,0.491,2TM,221.0
Bobby Portis,10.5,0.7,0.0,23.5,0.091,6.3,1.2,7.8,0.587,23.1,30.0,0.623,0.985,0.372,0.011,,1619.0,24.2,27.8,PF,24,68,0,8,0,0.115,0.151,0.16,0.18,0.395,MIL,
John Collins,5.8,2.6,-0.5,15.6,0.234,7.0,1.6,11.6,0.643,19.5,28.0,0.716,1.0,0.594,0.144,81.0,1872.0,27.1,24.8,PF,10,89,0,0,0,0.281,0.077,0.035,0.275,0.332,LAC,226.0
Cedric Coward,16.0,1.6,-0.2,19.4,0.256,5.5,1.2,12.7,0.585,21.5,22.0,0.505,0.86,0.244,0.049,77.0,1598.0,25.8,25.0,SG,0,4,1,30,65,0.238,0.113,0.019,0.207,0.424,MEM,206.0
Zach Edey,6.6,6.8,0.5,30.6,0.327,16.1,1.2,18.8,0.669,20.2,23.0,0.82,1.0,0.0,0.194,87.0,284.0,25.8,25.0,C,100,0,0,0,0,0.418,0.061,0.0,0.469,0.051,MEM,305.0
Ajay Mitchell,20.1,1.2,1.9,10.6,0.275,3.1,2.3,10.9,0.585,21.8,23.0,0.329,0.77,0.267,0.007,76.0,1473.0,25.8,25.4,SG,0,4,13,43,40,0.2,0.098,0.039,0.364,0.298,OKC,190.0
Naz Reid,12.4,3.4,0.9,20.8,0.141,5.0,1.8,12.0,0.565,22.1,26.0,0.579,0.938,0.324,0.029,81.0,2007.0,26.1,24.9,C,55,45,0,0,0,0.147,0.077,0.003,0.258,0.514,MIN,264.0
Cam Thomas,21.0,0.4,-5.2,8.1,0.367,1.4,0.5,12.1,0.53,30.3,24.0,0.336,0.558,0.131,0.004,75.0,881.0,21.0,31.8,SG,0,0,32,6,61,0.128,0.197,0.113,0.197,0.364,2TM,210.0
Tim Hardaway Jr.,6.9,0.4,-0.7,9.5,0.252,0.9,1.0,4.7,0.624,18.5,33.0,0.782,0.893,0.193,0.024,77.0,2127.0,26.6,24.8,SG,0,2,4,40,54,0.074,0.067,0.064,0.089,0.706,DEN,205.0
Reed Sheppard,18.6,2.3,2.7,10.7,0.091,1.5,2.8,11.1,0.564,21.7,21.0,0.356,0.749,0.144,0.018,74.0,2147.0,26.2,25.8,SG,0,0,29,8,64,0.074,0.126,0.068,0.124,0.609,HOU,185.0
Toumani Camara,10.4,1.1,-1.0,11.7,0.154,5.0,1.6,13.1,0.578,16.3,25.0,0.659,0.886,0.296,0.051,79.0,2731.0,33.3,19.2,PF,14,84,0,2,0,0.175,0.02,0.006,0.135,0.664,POR,230.0
Quentin Grimes,15.7,1.2,-1.6,11.4,0.314,2.2,1.4,13.4,0.585,19.0,25.0,0.587,0.882,0.226,0.053,77.0,2206.0,29.4,22.0,SG,0,0,1,43,55,0.254,0.04,0.06,0.143,0.503,PHI,207.0
Jordan Poole,18.3,1.5,-3.5,7.9,0.257,1.0,1.1,12.3,0.53,25.1,26.0,0.42,0.688,0.101,0.002,76.0,933.0,23.9,26.9,PG,0,0,41,1,59,0.153,0.038,0.027,0.133,0.649,NOP,194.0
Tobias Harris,12.5,1.5,1.4,16.9,0.238,3.6,1.6,8.0,0.574,18.8,33.0,0.52,0.939,0.444,0.046,80.0,1746.0,27.7,23.2,PF,1,99,0,0,0,0.158,0.175,0.046,0.284,0.338,DET,226.0
Keldon Johnson,8.5,0.5,0.9,16.6,0.243,7.9,1.2,7.4,0.613,21.0,26.0,0.562,0.909,0.502,0.04,78.0,1911.0,23.3,27.2,SF,0,16,0,62,22,0.344,0.009,0.005,0.3,0.343,SAS,220.0
Jaylon Tyson,11.6,1.5,0.1,13.6,0.16,7.3,1.5,12.1,0.608,19.3,23.0,0.716,0.977,0.372,0.054,78.0,1777.0,26.9,23.6,SG,0,23,0,55,23,0.279,0.051,0.009,0.216,0.445,CLE,215.0
Kyle Kuzma,15.5,1.5,-2.3,15.9,0.27,3.6,1.3,13.4,0.581,21.8,30.0,0.637,0.94,0.351,0.041,80.0,1806.0,26.2,24.4,PF,0,43,0,52,5,0.3,0.071,0.025,0.257,0.347,MIL,221.0
Brandon Williams,26.3,1.2,0.4,11.6,0.493,2.2,2.0,14.3,0.572,25.1,26.0,0.306,0.917,0.258,0.018,73.0,1463.0,22.2,27.7,PG,0,0,99,0,1,0.305,0.107,0.052,0.285,0.251,DAL,190.0
Sam Merrill,12.3,0.5,0.1,8.4,0.143,2.2,1.2,7.5,0.644,17.0,29.0,0.815,0.937,0.163,0.0,76.0,1377.0,26.5,23.1,SG,0,10,0,54,36,0.089,0.05,0.031,0.056,0.775,CLE,205.0
Collin Gillespie,23.3,0.7,2.5,12.0,0.103,4.2,2.1,12.4,0.575,18.7,26.0,0.375,0.746,0.151,0.0,73.0,2282.0,28.5,21.9,PG,0,0,88,0,12,0.056,0.128,0.048,0.082,0.686,PHO,195.0
Deandre Ayton,4.5,3.3,-0.9,22.6,0.235,11.5,1.0,11.1,0.676,16.7,27.0,0.801,,,0.216,84.0,1958.0,27.2,22.4,C,100,0,0,0,0,0.421,0.146,0.027,0.406,0.0,LAL,252.0
GG Jackson II,10.7,3.4,-1.2,17.4,0.294,4.4,1.2,12.8,0.591,23.5,21.0,0.576,0.859,0.295,0.113,,1178.0,21.4,27.6,PF,43,33,0,23,0,0.329,0.053,0.012,0.232,0.375,MEM,
Malik Monk,20.6,1.6,-1.3,8.6,0.169,1.2,1.3,11.8,0.568,24.0,27.0,0.484,0.758,0.14,0.051,75.0,1364.0,22.0,27.4,SG,0,0,35,8,57,0.108,0.127,0.052,0.217,0.497,SAC,200.0
Maxime Raynaud,7.6,1.8,-2.4,24.3,0.25,7.9,0.9,11.2,0.619,18.2,22.0,0.816,0.958,0.324,0.073,85.0,1964.0,26.5,22.7,C,100,0,0,0,0,0.198,0.145,0.013,0.534,0.11,SAC,250.0
Jaylen Wells,8.8,0.5,-3.1,9.6,0.245,3.6,1.6,8.7,0.559,19.3,22.0,0.64,0.961,0.332,0.036,79.0,1821.0,26.4,22.5,SG,1,13,0,77,9,0.152,0.096,0.087,0.142,0.523,MEM,
Max Christie,9.3,1.0,-1.5,10.9,0.192,0.7,1.0,10.9,0.601,16.5,22.0,0.579,0.917,0.357,0.043,77.0,2244.0,29.1,19.9,SG,0,1,26,5,68,0.137,0.062,0.046,0.141,0.615,DAL,190.0
Noah Clowney,9.5,2.3,-3.4,15.3,0.355,3.2,1.4,12.3,0.554,20.4,21.0,0.612,0.992,0.283,0.044,82.0,1780.0,27.0,22.5,PF,4,81,0,15,0,0.124,0.041,0.013,0.201,0.621,BRK,210.0
De'Anthony Melton,16.9,1.6,-2.5,12.0,0.229,3.8,3.3,13.5,0.518,25.4,27.0,0.42,0.875,0.22,0.011,74.0,1125.0,23.0,25.9,PG,0,0,76,0,24,0.159,0.051,0.038,0.288,0.464,GSW,200.0
Jonathan Kuminga,14.7,1.2,-2.0,20.7,0.363,6.4,1.3,14.6,0.557,23.4,23.0,0.459,0.914,0.4,0.109,79.0,830.0,23.1,25.3,PF,20,79,0,1,0,0.271,0.13,0.029,0.26,0.31,2TM,225.0
Donte DiVincenzo,16.8,1.2,0.8,11.6,0.126,3.0,2.0,11.8,0.567,16.9,29.0,0.621,0.906,0.228,0.019,76.0,2494.0,30.4,19.1,SG,0,0,44,6,50,0.103,0.028,0.01,0.089,0.771,MIN,203.0
Cameron Johnson,10.6,1.2,-0.6,10.6,0.236,3.1,1.2,8.2,0.629,15.1,29.0,0.712,0.945,0.344,0.053,80.0,1647.0,30.5,19.6,SF,2,62,0,36,0,0.202,0.069,0.059,0.131,0.539,DEN,210.0
Tre Johnson,12.4,1.1,-5.0,10.7,0.134,2.1,1.1,11.9,0.535,22.5,19.0,0.436,0.8,0.162,0.015,77.0,1443.0,24.1,24.1,SG,0,0,13,16,71,0.071,0.185,0.07,0.178,0.496,WAS,190.0
Duncan Robinson,10.1,1.0,0.8,9.2,0.158,1.6,1.0,6.7,0.629,15.8,31.0,0.745,0.977,0.265,0.006,79.0,2113.0,27.4,21.5,SG,0,7,1,31,62,0.083,0.021,0.009,0.119,0.768,DET,215.0
Donovan Clingan,11.4,5.5,3.0,28.6,0.297,17.7,1.0,10.9,0.604,16.9,21.0,0.577,0.929,0.069,0.205,86.0,2094.0,27.2,21.3,C,100,0,0,0,0,0.471,0.006,0.009,0.155,0.36,POR,280.0
Moses Moody,9.2,2.0,-0.1,11.0,0.203,3.6,1.8,8.6,0.6,18.3,23.0,0.638,0.96,0.345,0.02,77.0,1540.0,25.7,22.9,SG,0,21,0,61,18,0.127,0.052,0.027,0.117,0.677,GSW,211.0
Christian Braun,11.4,0.8,-1.2,11.5,0.26,5.1,1.0,9.0,0.607,14.8,24.0,0.83,0.907,0.448,0.087,78.0,1399.0,31.8,18.3,SG,0,16,0,42,42,0.373,0.015,0.039,0.206,0.368,DEN,220.0
Josh Hart,21.6,0.9,3.0,22.1,0.211,5.2,1.9,16.5,0.612,16.7,30.0,0.697,0.81,0.298,0.024,77.0,1994.0,30.2,19.7,SF,0,9,0,51,41,0.294,0.095,0.046,0.157,0.409,NYK,215.0
Miles McBride,13.5,0.9,1.2,7.9,0.116,2.5,1.6,7.2,0.578,18.2,25.0,0.424,0.821,0.273,0.007,74.0,1080.0,26.3,22.5,SG,0,0,33,0,67,0.064,0.094,0.084,0.087,0.671,NYK,195.0
Tristen Newton,0.0,0.0,8.4,9.1,0.333,18.7,4.2,0.0,0.581,36.2,24.0,1.0,1.0,0.4,0.0,77.0,12.0,12.0,50.0,SG,0,0,0,48,53,0.111,0.0,0.111,0.222,0.556,HOU,190.0
Dyson Daniels,23.9,1.1,1.3,14.7,0.157,7.8,2.8,14.0,0.542,16.0,22.0,0.574,1.0,0.333,0.077,79.0,2520.0,33.2,16.9,SG,0,1,1,52,46,0.409,0.057,0.001,0.382,0.151,ATL,199.0
Blake Hinson,8.3,0.7,-0.6,8.6,0.139,4.1,0.8,3.9,0.684,18.3,26.0,0.864,0.946,0.405,0.035,80.0,285.0,20.4,27.5,SF,28,69,0,3,0,0.122,0.052,0.017,0.122,0.687,UTA,230.0
Myles Turner,7.7,6.0,-0.9,17.8,0.274,4.5,1.3,10.3,0.584,18.6,29.0,0.737,1.0,0.188,0.045,83.0,1912.0,26.9,21.8,C,100,0,0,0,0,0.152,0.073,0.046,0.135,0.594,MIL,250.0
Wendell Carter Jr.,9.5,1.9,-0.6,20.5,0.392,7.8,1.3,11.8,0.617,15.6,26.0,0.736,1.0,0.332,0.16,82.0,2288.0,29.3,19.4,C,100,0,0,0,0,0.333,0.1,0.049,0.163,0.355,ORL,270.0
Dylan Harper,24.7,1.4,1.4,12.1,0.181,3.8,1.7,12.3,0.574,21.8,19.0,0.344,0.902,0.23,0.041,77.0,1558.0,22.6,25.1,SG,0,0,9,31,60,0.405,0.091,0.05,0.181,0.271,SAS,215.0
Julian Reese,8.4,1.7,-5.1,22.3,0.37,14.4,2.1,18.8,0.557,17.7,22.0,0.667,,,0.134,81.0,402.0,30.9,18.1,PF,96,4,0,0,0,0.504,0.151,0.042,0.303,0.0,WAS,230.0
Nic Claxton,21.8,3.7,0.9,19.9,0.393,9.6,1.2,12.3,0.592,17.7,26.0,0.621,1.0,0.053,0.238,83.0,1920.0,27.8,20.9,C,100,0,0,0,0,0.497,0.058,0.017,0.395,0.033,BRK,215.0
Isaiah Collier,39.2,1.3,-2.4,9.4,0.406,1.5,2.0,19.6,0.567,20.4,21.0,0.32,0.667,0.21,0.023,76.0,1517.0,25.7,21.3,PG,0,0,52,2,46,0.21,0.111,0.041,0.445,0.194,UTA,210.0
Bilal Coulibaly,13.9,3.2,-2.1,14.5,0.327,3.5,2.4,11.6,0.531,19.9,21.0,0.412,0.908,0.338,0.139,79.0,1468.0,26.2,21.2,SG,0,7,2,50,41,0.287,0.055,0.039,0.242,0.377,WAS,195.0
Derik Queen,21.1,3.5,-0.8,23.5,0.365,7.2,2.0,18.0,0.546,21.8,21.0,0.405,0.913,0.341,0.078,81.0,2023.0,25.0,22.4,C,84,16,0,0,0,0.405,0.096,0.079,0.302,0.118,NOP,250.0
Klay Thompson,9.5,1.2,-1.4,8.8,0.065,1.3,1.0,7.8,0.541,22.7,35.0,0.81,0.931,0.211,0.0,77.0,1497.0,21.7,25.5,SF,0,5,5,53,38,0.055,0.08,0.104,0.037,0.724,DAL,220.0
Mark Williams,6.3,3.7,2.0,23.7,0.4,14.0,1.9,11.2,0.68,17.4,24.0,0.683,1.0,1.0,0.304,85.0,1416.0,23.6,24.4,C,100,0,0,0,0,0.626,0.05,0.005,0.317,0.002,PHO,240.0
Obi Toppin,21.2,0.2,3.0,24.4,0.231,3.3,1.3,11.3,0.636,24.8,27.0,0.73,1.0,0.2,0.121,81.0,424.0,17.7,31.3,PF,3,94,0,3,0,0.261,0.075,0.025,0.111,0.528,IND,220.0
Jarace Walker,14.3,1.1,-2.4,19.5,0.25,2.7,1.5,14.6,0.543,20.7,22.0,0.644,0.932,0.149,0.046,79.0,1953.0,25.7,21.5,PF,0,40,0,58,2,0.166,0.086,0.055,0.207,0.486,IND,235.0
Rui Hachimura,4.1,1.0,-2.2,10.9,0.121,2.6,1.0,6.3,0.62,15.2,27.0,0.796,0.983,0.405,0.057,80.0,1927.0,28.3,19.8,PF,10,89,0,1,0,0.159,0.161,0.136,0.106,0.439,LAL,230.0
Kyle Filipowski,15.7,2.1,-1.1,25.1,0.323,8.4,1.9,14.3,0.586,20.0,22.0,0.647,0.959,0.421,0.091,83.0,1801.0,23.4,22.9,C,84,16,0,0,0,0.259,0.047,0.008,0.339,0.347,UTA,250.0
Pelle Larsson,16.8,0.8,-1.2,9.9,0.413,3.8,1.2,13.3,0.605,16.8,24.0,0.647,0.968,0.26,0.059,77.0,1849.0,26.4,20.1,SG,0,3,1,68,28,0.317,0.038,0.005,0.297,0.343,MIA,215.0
Scotty Pippen Jr.,33.8,1.7,-2.8,7.3,0.24,4.0,4.2,20.3,0.537,26.1,25.0,0.455,0.8,0.156,0.01,74.0,212.0,21.2,25.5,PG,0,0,100,0,0,0.24,0.188,0.042,0.198,0.333,MEM,170.0
Sandro Mamukelashvili,12.4,2.3,2.8,18.8,0.25,6.9,1.8,8.7,0.637,18.8,26.0,0.758,1.0,0.216,0.079,81.0,1751.0,21.9,24.9,C,93,8,0,0,0,0.339,0.029,0.002,0.162,0.469,TOR,240.0
Max Strus,11.3,0.0,-1.2,21.3,0.085,3.5,0.5,7.6,0.609,17.4,29.0,0.5,0.939,0.268,0.028,77.0,288.0,24.0,22.4,SF,0,63,0,36,1,0.151,0.019,0.0,0.057,0.774,CLE,215.0
Julian Champagnie,7.3,1.5,1.4,18.4,0.196,3.6,1.3,8.4,0.609,15.2,24.0,0.698,0.974,0.363,0.042,79.0,2266.0,27.6,19.3,SF,1,43,0,52,5,0.154,0.02,0.004,0.078,0.743,SAS,217.0
Isaiah Joe,8.6,0.7,2.5,10.2,0.227,2.5,1.6,7.0,0.657,18.4,26.0,0.788,0.95,0.222,0.024,76.0,1507.0,21.2,25.2,SG,0,0,55,0,46,0.087,0.048,0.039,0.039,0.788,OKC,165.0
Cam Spencer,33.1,0.6,2.2,9.2,0.241,2.5,1.4,13.1,0.649,17.2,25.0,0.436,0.76,0.098,0.0,75.0,1714.0,23.8,22.1,SG,0,0,53,4,43,0.067,0.142,0.099,0.108,0.585,MEM,205.0
Kel'el Ware,4.6,4.4,2.1,29.2,0.148,13.1,1.6,8.2,0.616,18.0,21.0,0.675,1.0,0.279,0.236,84.0,1704.0,22.1,23.2,C,100,0,0,0,0,0.441,0.017,0.012,0.171,0.359,MIA,230.0
Alondes Williams,16.8,2.6,1.1,21.7,0.308,5.2,1.4,14.5,0.745,14.3,26.0,0.727,1.0,0.286,0.192,76.0,101.0,25.3,20.6,SG,0,4,0,43,53,0.385,0.0,0.038,0.038,0.538,WAS,210.0
Rudy Gobert,7.2,4.5,1.0,25.9,0.615,14.1,1.2,14.5,0.664,12.9,33.0,0.657,,0.4,0.43,85.0,2380.0,31.3,16.6,C,100,0,0,0,0,0.78,0.012,0.004,0.193,0.01,MIN,258.0
Jusuf Nurkić,25.4,2.0,1.1,32.6,0.316,10.3,2.3,19.9,0.548,19.3,31.0,0.71,1.0,0.042,0.028,,1083.0,26.4,19.4,C,100,0,0,0,0,0.263,0.061,0.006,0.472,0.198,UTA,
Dennis Schröder,27.7,0.6,-2.2,10.5,0.326,2.1,1.6,14.7,0.526,21.0,32.0,0.256,0.76,0.158,0.0,,1697.0,24.2,21.5,PG,0,0,100,0,0,0.151,0.159,0.083,0.245,0.362,2TM,
Tyler Burton,5.4,1.2,-5.3,15.1,0.241,2.8,1.7,8.2,0.521,18.3,25.0,0.65,0.955,0.197,0.027,79.0,307.0,25.6,19.9,SF,25,48,0,28,0,0.214,0.054,0.009,0.134,0.589,MEM,215.0
Daeqwon Plowden,6.7,0.8,-4.4,8.7,0.176,4.2,1.3,8.0,0.572,16.4,27.0,0.741,0.952,0.247,0.086,76.0,844.0,26.4,19.7,SG,0,10,6,46,38,0.136,0.025,0.0,0.172,0.667,SAC,216.0
Bub Carrington,23.0,0.7,-4.7,11.7,0.15,1.5,1.1,19.5,0.556,18.0,20.0,0.29,0.698,0.13,0.011,76.0,2271.0,27.7,18.3,PG,0,0,87,0,13,0.053,0.116,0.163,0.109,0.559,WAS,190.0
Jakob Poeltl,11.7,2.7,1.6,20.8,0.316,11.2,1.7,13.9,0.698,15.3,30.0,0.788,,,0.061,84.0,1149.0,25.0,20.9,C,100,0,0,0,0,0.59,0.113,0.0,0.297,0.0,TOR,253.0
Jock Landale,11.1,2.2,-0.1,14.9,0.23,12.9,1.1,9.0,0.595,18.3,30.0,0.702,0.959,0.28,0.062,83.0,1506.0,22.1,22.6,C,100,0,0,0,0,0.334,0.057,0.02,0.237,0.352,2TM,255.0
Marvin Bagley III,10.8,3.1,0.8,19.3,0.35,13.2,1.1,11.4,0.661,18.6,26.0,0.617,1.0,0.192,0.224,82.0,1201.0,20.0,24.7,PF,98,2,0,0,0,0.528,0.017,0.002,0.326,0.127,2TM,235.0
Tari Eason,8.0,1.7,-1.6,17.8,0.116,9.0,2.3,11.7,0.514,18.7,24.0,0.459,0.957,0.477,0.057,80.0,1549.0,25.8,20.2,PF,2,39,0,58,1,0.234,0.084,0.04,0.193,0.448,HOU,215.0
Adama-Alpha Bal,10.6,0.4,-5.4,8.7,0.147,2.6,1.8,7.7,0.573,13.5,22.0,0.7,0.833,0.318,0.0,,241.0,30.1,16.3,SG,4,31,0,51,14,0.176,0.044,0.029,0.103,0.647,MEM,
A.J. Green,9.2,0.4,-3.3,9.1,0.1,1.5,0.8,10.4,0.627,14.0,26.0,0.7,0.927,0.258,0.002,,2270.0,29.1,17.5,SG,0,0,17,22,61,0.026,0.032,0.026,0.019,0.896,MIL,
Caleb Love,18.4,0.4,-3.1,9.7,0.1,2.6,1.3,10.8,0.497,23.0,24.0,0.412,0.828,0.127,0.014,75.0,1013.0,20.7,24.0,SG,0,0,86,2,12,0.122,0.053,0.061,0.167,0.596,POR,212.0
Lucas Williamson,10.8,0.4,-7.6,13.3,0.107,5.2,2.3,11.3,0.465,16.4,27.0,0.7,1.0,0.226,0.0,76.0,224.0,32.0,15.4,SG,0,0,16,7,77,0.173,0.04,0.0,0.08,0.707,MEM,205.0
Egor Dëmin,20.7,1.2,-1.6,13.5,0.145,1.8,1.6,15.3,0.561,18.8,19.0,0.509,0.823,0.152,0.013,,1308.0,25.2,20.3,PG,0,0,76,0,25,0.109,0.036,0.042,0.096,0.717,BRK,
DaQuan Jeffries,2.5,0.0,-0.2,3.8,0.263,5.4,1.6,0.0,0.731,15.0,28.0,0.857,1.0,0.444,0.158,77.0,60.0,20.0,25.0,SG,0,22,0,63,16,0.421,0.0,0.0,0.105,0.474,SAC,222.0
Will Riley,12.7,0.5,-4.5,10.4,0.291,3.6,1.6,11.9,0.548,20.2,19.0,0.461,0.846,0.202,0.044,81.0,1633.0,22.1,22.2,SF,8,77,0,15,0,0.199,0.099,0.053,0.249,0.4,WAS,180.0
Khris Middleton,17.3,0.5,-4.4,13.4,0.252,3.8,1.3,15.3,0.533,20.6,34.0,0.419,0.836,0.306,0.0,79.0,1439.0,22.8,21.0,SF,2,67,0,27,4,0.081,0.228,0.185,0.161,0.344,2TM,222.0
Neemias Queta,9.3,5.2,2.8,22.7,0.351,13.4,1.6,11.5,0.674,14.7,26.0,0.735,1.0,0.125,0.259,84.0,1926.0,25.3,20.4,C,100,0,0,0,0,0.545,0.044,0.006,0.389,0.016,BOS,248.0
D'Angelo Russell,31.2,0.3,-2.3,11.2,0.259,1.7,1.1,15.9,0.511,26.0,29.0,0.295,0.758,0.152,0.0,75.0,495.0,19.0,25.2,PG,0,0,77,0,23,0.086,0.159,0.078,0.194,0.483,DAL,193.0
Jalen Smith,8.5,3.3,-0.7,24.6,0.23,9.6,1.0,10.6,0.608,19.0,25.0,0.77,1.0,0.25,0.079,80.0,1095.0,20.7,23.1,C,62,38,0,0,0,0.329,0.005,0.025,0.097,0.545,CHI,244.0
Ziaire Williams,7.4,1.5,-1.7,10.0,0.323,2.6,2.9,10.7,0.579,18.9,24.0,0.643,0.977,0.359,0.081,81.0,1281.0,22.9,22.1,SF,3,12,1,63,22,0.224,0.048,0.009,0.139,0.58,BRK,185.0
Precious Achiuwa,8.5,2.6,-1.6,20.8,0.232,11.0,1.8,9.0,0.558,17.6,26.0,0.543,1.0,0.412,0.135,80.0,1745.0,23.9,20.4,C,17,83,0,0,0,0.371,0.064,0.007,0.395,0.162,SAC,243.0
Derrick Jones Jr.,7.3,3.5,-0.7,9.4,0.245,5.4,1.7,8.7,0.6,15.1,28.0,0.724,0.982,0.425,0.124,78.0,1350.0,27.0,18.6,SF,0,11,0,60,29,0.311,0.034,0.008,0.243,0.404,LAC,210.0
Kevin Huerter,16.1,1.9,-0.6,14.2,0.119,2.4,1.9,10.3,0.552,18.8,27.0,0.692,0.94,0.228,0.025,78.0,1549.0,22.4,21.2,SF,0,10,0,63,27,0.21,0.045,0.02,0.18,0.545,2TM,190.0
Jordan Miller,15.1,0.8,0.2,11.3,0.439,4.5,1.7,11.7,0.628,18.0,26.0,0.448,1.0,0.336,0.03,77.0,1325.0,22.1,22.4,SF,1,8,9,41,41,0.293,0.1,0.005,0.326,0.276,LAC,194.0
Toby Okani,3.7,1.3,-10.7,6.1,0.114,4.4,0.9,3.9,0.408,14.7,24.0,0.688,0.889,0.323,0.043,80.0,217.0,36.2,13.1,SG,16,62,0,20,2,0.157,0.1,0.086,0.214,0.443,MEM,210.0
Olivier-Maxence Prosper,7.8,1.2,-0.1,14.3,0.326,6.4,1.9,10.5,0.662,18.9,23.0,0.758,0.95,0.365,0.094,79.0,984.0,18.6,25.5,PF,16,63,0,19,2,0.357,0.026,0.011,0.183,0.423,MEM,230.0
Isaiah Stewart,6.9,7.0,0.0,16.3,0.326,8.3,0.6,12.7,0.632,16.6,24.0,0.724,1.0,0.4,0.132,80.0,1317.0,22.7,21.3,C,75,25,0,0,0,0.358,0.007,0.002,0.333,0.299,DET,250.0
Harrison Barnes,9.7,0.5,-0.1,7.9,0.214,3.5,1.2,8.8,0.608,14.6,33.0,0.634,0.978,0.522,0.021,79.0,1986.0,25.8,18.5,PF,8,88,0,4,0,0.158,0.054,0.009,0.157,0.623,SAS,225.0
Tristan Da Silva,9.3,1.2,-0.6,13.4,0.153,3.4,1.7,9.4,0.576,16.2,24.0,0.654,0.95,0.374,0.056,,1899.0,24.7,19.3,SF,0,13,0,83,4,0.16,0.071,0.024,0.227,0.518,ORL,
Ausar Thompson,16.3,3.6,3.1,15.6,0.331,9.0,3.7,14.3,0.545,16.9,23.0,0.626,0.833,0.5,0.189,79.0,1896.0,26.0,18.4,SF,0,17,0,80,3,0.426,0.097,0.021,0.414,0.042,DET,205.0
Royce O'Neale,12.8,1.4,0.7,16.3,0.061,2.9,1.9,13.8,0.596,14.3,32.0,0.588,0.934,0.171,0.006,78.0,2213.0,28.4,17.1,SF,0,23,0,69,7,0.061,0.021,0.003,0.083,0.832,PHO,226.0
Zach Collins,12.0,1.9,0.2,22.8,0.313,9.4,0.5,12.1,0.666,18.8,28.0,0.821,1.0,0.429,0.016,81.0,184.0,18.4,24.7,C,95,5,0,0,0,0.422,0.078,0.016,0.156,0.328,CHI,240.0
Micah Potter,11.2,1.4,0.7,21.4,0.345,6.8,1.2,12.2,0.679,18.0,27.0,0.738,1.0,0.452,0.106,81.0,908.0,19.3,24.0,C,92,8,0,0,0,0.249,0.003,0.031,0.143,0.573,IND,248.0
Javon Small,26.1,1.0,1.0,12.2,0.285,4.6,1.9,14.7,0.611,19.0,23.0,0.365,0.5,0.07,0.038,73.0,830.0,20.2,22.6,PG,0,0,95,0,5,0.177,0.066,0.052,0.212,0.493,MEM,190.0
Zaccharie Risacher,6.8,2.2,-2.5,13.6,0.168,5.0,1.9,9.2,0.557,17.6,20.0,0.718,0.947,0.31,0.114,80.0,1503.0,22.4,20.1,SF,0,8,0,90,2,0.297,0.047,0.063,0.112,0.481,ATL,200.0
Daniel Gafford,7.0,4.9,0.7,21.1,0.509,12.3,1.7,14.0,0.677,15.8,27.0,0.643,,,0.345,82.0,1195.0,21.7,20.7,C,100,0,0,0,0,0.661,0.019,0.006,0.313,0.0,DAL,265.0
Jay Huff,10.4,7.6,0.4,16.2,0.162,4.5,1.1,10.4,0.598,18.0,27.0,0.808,0.992,0.126,0.152,85.0,1719.0,21.0,21.6,C,100,0,0,0,0,0.25,0.008,0.008,0.123,0.61,IND,240.0
T.J. McConnell,50.0,0.9,2.5,11.8,0.064,2.4,2.8,12.1,0.567,23.2,33.0,0.292,0.938,0.16,0.0,73.0,963.0,17.2,25.9,PG,0,0,100,0,0,0.144,0.318,0.149,0.278,0.111,IND,190.0
Svi Mykhailiuk,11.0,0.3,-1.7,8.4,0.077,3.3,1.1,10.1,0.626,14.8,28.0,0.64,0.929,0.413,0.022,79.0,1156.0,23.1,19.0,SF,0,2,0,35,62,0.13,0.036,0.019,0.152,0.663,UTA,205.0
Aaron Wiggins,10.6,1.9,-0.9,11.7,0.134,3.3,2.1,12.5,0.538,19.9,27.0,0.556,0.854,0.281,0.035,77.0,1414.0,21.8,20.9,SG,0,18,2,48,31,0.239,0.052,0.015,0.19,0.504,OKC,190.0
Daniss Jenkins,25.8,1.0,-0.7,8.7,0.283,4.0,2.1,15.3,0.525,21.5,24.0,0.308,0.863,0.251,0.032,76.0,1455.0,20.2,22.3,PG,0,0,92,0,8,0.164,0.132,0.074,0.287,0.343,DET,165.0
Davion Mitchell,29.1,0.5,-0.9,8.0,0.122,1.6,1.6,16.1,0.582,13.6,27.0,0.339,0.867,0.105,0.0,72.0,2000.0,28.6,15.2,PG,0,0,100,0,0,0.205,0.062,0.038,0.268,0.428,MIA,202.0
Isaac Okoro,7.8,1.5,-3.8,6.4,0.244,4.4,1.3,8.3,0.574,13.6,25.0,0.696,0.918,0.557,0.028,76.0,1695.0,26.9,16.1,SG,0,6,0,61,33,0.401,0.002,0.0,0.115,0.481,CHI,225.0
Landry Shamet,8.2,0.8,-0.3,6.6,0.209,2.2,1.3,7.0,0.598,15.7,28.0,0.768,0.981,0.445,0.014,77.0,1171.0,23.0,20.1,SG,0,0,3,12,85,0.162,0.044,0.033,0.038,0.723,NYK,190.0
Marcus Smart,13.6,1.2,-2.2,8.7,0.271,2.5,2.4,14.7,0.543,15.4,31.0,0.505,0.918,0.294,0.002,75.0,1769.0,28.5,16.0,SG,0,0,25,3,72,0.109,0.084,0.029,0.162,0.616,LAL,220.0
Jaden Hardy,9.7,0.6,-4.8,8.5,0.175,1.8,0.8,11.8,0.566,24.4,23.0,0.385,0.827,0.309,0.019,75.0,898.0,15.8,27.5,SG,0,0,27,13,60,0.107,0.1,0.037,0.145,0.611,2TM,198.0
Isaiah Hartenstein,20.1,3.1,4.2,27.0,0.355,14.8,2.0,19.3,0.631,16.1,27.0,0.777,,0.286,0.304,84.0,1137.0,24.2,18.4,C,100,0,0,0,0,0.524,0.139,0.0,0.314,0.024,OKC,250.0
Sam Hauser,7.9,1.2,0.6,13.6,0.033,3.3,1.0,5.4,0.59,14.5,28.0,0.778,0.97,0.177,0.002,79.0,1934.0,24.8,18.8,PF,3,77,0,20,0,0.04,0.06,0.032,0.03,0.839,BOS,217.0
Corey Kispert,11.8,0.7,-1.9,10.7,0.246,2.7,0.7,9.3,0.609,18.6,26.0,0.763,0.954,0.207,0.025,78.0,1080.0,18.6,23.3,SF,0,9,0,65,26,0.234,0.028,0.0,0.137,0.602,2TM,224.0
Taurean Prince,10.7,1.0,-3.1,14.1,0.031,0.7,1.3,13.8,0.617,16.2,31.0,0.64,0.885,0.486,0.01,78.0,611.0,23.5,19.2,SF,0,11,0,69,20,0.063,0.089,0.026,0.089,0.733,MIL,218.0
Gui Santos,16.7,1.5,-0.6,15.6,0.261,5.9,2.1,16.6,0.609,18.7,23.0,0.651,1.0,0.243,0.015,79.0,1395.0,20.5,21.7,PF,2,79,0,19,0,0.274,0.007,0.002,0.235,0.483,GSW,185.0
Cam Whitmore,6.5,2.0,-3.3,12.0,0.183,5.7,2.0,9.0,0.528,23.7,21.0,0.59,0.625,0.054,0.142,78.0,354.0,16.9,25.8,SF,0,37,0,57,6,0.361,0.047,0.047,0.213,0.331,WAS,230.0
Quenton Jackson,23.1,0.6,-1.8,10.7,0.363,3.3,1.6,14.0,0.589,20.9,27.0,0.563,0.952,0.212,0.079,76.0,897.0,18.3,23.7,PG,0,0,85,0,15,0.329,0.04,0.058,0.213,0.36,IND,173.0
Tristan Vukcevic,12.8,4.3,0.0,18.7,0.35,5.0,1.6,14.5,0.603,26.6,22.0,0.745,0.88,0.056,0.05,84.0,671.0,13.7,31.1,C,100,0,0,0,0,0.17,0.142,0.063,0.17,0.454,WAS,220.0
Devin Carter,20.9,1.2,-2.6,14.6,0.322,5.6,2.3,13.9,0.508,23.5,23.0,0.33,0.667,0.096,0.065,74.0,700.0,18.4,23.4,PG,0,0,95,0,5,0.205,0.062,0.014,0.329,0.39,SAC,195.0
Herbert Jones,12.9,1.6,-3.1,9.8,0.13,3.2,2.7,12.6,0.491,15.2,27.0,0.544,0.938,0.301,0.044,79.0,1588.0,28.4,14.9,SF,0,2,17,23,58,0.224,0.044,0.033,0.157,0.542,NOP,206.0
Nolan Traoré,27.2,1.7,-6.8,8.4,0.196,1.2,1.8,19.9,0.479,22.8,19.0,0.405,0.885,0.245,0.0,,1243.0,22.2,19.9,PG,0,0,97,0,3,0.194,0.077,0.017,0.311,0.401,BRK,
Danny Wolf,17.1,2.5,-2.5,23.2,0.248,5.3,1.2,13.0,0.521,20.6,21.0,0.591,0.941,0.237,0.032,83.0,1187.0,20.8,21.2,PF,22,78,0,0,0,0.259,0.016,0.018,0.227,0.48,BRK,250.0
John Poulakidas,6.1,1.3,-2.2,10.8,0.077,1.7,1.3,4.1,0.611,16.2,22.0,0.875,0.968,0.182,0.0,78.0,253.0,19.5,21.4,SG,0,0,4,47,49,0.011,0.088,0.044,0.011,0.846,DAL,205.0
Payton Sandfort,0.0,0.0,-5.8,14.9,0.154,1.8,0.8,3.5,0.63,19.8,23.0,0.833,1.0,0.471,0.0,79.0,63.0,15.8,26.9,SF,0,27,0,73,0,0.154,0.0,0.0,0.192,0.654,OKC,215.0
Cody Williams,11.4,1.5,-5.5,9.3,0.234,3.9,1.5,11.5,0.524,16.0,21.0,0.733,1.0,0.595,0.157,80.0,1631.0,24.3,16.9,SG,0,9,3,43,46,0.253,0.1,0.067,0.322,0.257,UTA,190.0
Justin Champagnie,8.7,2.7,-0.4,19.0,0.221,11.1,2.0,8.2,0.589,16.7,24.0,0.564,0.943,0.331,0.106,78.0,1377.0,20.0,20.5,SF,1,22,0,61,16,0.411,0.017,0.0,0.212,0.359,WAS,206.0
Jordan Goodwin,13.6,0.9,1.8,14.8,0.101,9.4,3.3,10.5,0.525,17.5,27.0,0.419,0.902,0.341,0.009,75.0,1572.0,22.5,19.1,PG,0,0,40,8,52,0.231,0.068,0.031,0.126,0.544,PHO,215.0
Day'Ron Sharpe,21.1,2.1,1.4,25.7,0.427,16.2,2.9,20.0,0.638,19.9,24.0,0.537,1.0,0.333,0.163,82.0,1160.0,18.7,23.0,C,100,0,0,0,0,0.587,0.003,0.008,0.292,0.11,BRK,265.0
Jonas Valančiūnas,14.1,4.0,0.0,27.5,0.349,14.2,0.8,14.0,0.63,26.1,33.0,0.562,0.875,0.038,0.079,,871.0,13.4,31.8,C,95,5,0,0,0,0.333,0.169,0.044,0.387,0.067,DEN,
Jordan Clarkson,10.7,0.7,-3.3,5.7,0.179,5.4,1.2,10.0,0.548,21.1,33.0,0.509,0.957,0.379,0.013,77.0,1279.0,17.8,24.1,SG,0,0,1,34,65,0.183,0.114,0.027,0.27,0.407,NYK,194.0
Nique Clifford,13.0,1.2,-4.9,13.3,0.163,3.8,1.7,15.4,0.505,17.0,23.0,0.564,0.909,0.281,0.037,77.0,1882.0,25.1,16.6,SG,0,3,20,29,48,0.141,0.133,0.077,0.262,0.388,SAC,175.0
Cason Wallace,12.7,1.3,1.2,8.9,0.116,3.5,3.5,10.6,0.538,14.5,22.0,0.503,0.95,0.33,0.06,75.0,2046.0,26.6,15.6,SG,0,0,19,13,67,0.274,0.039,0.019,0.175,0.493,OKC,195.0
Jaden Ivey,14.0,2.0,0.0,10.9,0.184,4.0,1.6,12.9,0.571,19.7,23.0,0.578,0.88,0.164,0.02,75.0,670.0,18.1,22.7,SG,0,0,31,8,62,0.145,0.09,0.051,0.191,0.523,2TM,195.0
Vít Krejčí,9.6,1.2,-1.6,9.3,0.119,2.4,1.6,8.3,0.609,14.6,25.0,0.875,0.945,0.216,0.012,,1392.0,21.4,18.7,PG,0,0,55,3,42,0.089,0.042,0.012,0.093,0.765,2TM,
Simone Fontecchio,11.6,0.7,0.5,13.8,0.217,4.9,1.5,8.7,0.579,19.6,30.0,0.69,0.976,0.28,0.019,79.0,1173.0,16.8,23.6,SF,3,73,0,24,0,0.151,0.013,0.013,0.127,0.696,MIA,209.0
Bones Hyland,22.7,1.3,1.7,9.5,0.175,2.2,1.8,12.2,0.599,20.6,25.0,0.333,0.767,0.147,0.002,74.0,1177.0,16.6,24.5,PG,0,0,92,0,8,0.19,0.056,0.028,0.088,0.639,MIN,169.0
Brook Lopez,8.5,5.0,-0.9,15.7,0.137,3.4,1.4,9.6,0.552,17.2,37.0,0.602,1.0,0.136,0.033,85.0,1635.0,21.8,19.3,C,100,0,0,0,0,0.127,0.094,0.017,0.177,0.585,LAC,282.0
Collin Murray-Boyles,11.7,4.1,1.0,14.0,0.316,12.0,2.0,13.2,0.621,15.5,20.0,0.84,1.0,0.3,0.164,79.0,1246.0,21.9,18.9,PF,11,82,0,8,0,0.617,0.026,0.032,0.178,0.146,TOR,245.0
Luke Kennard,13.8,0.4,0.1,10.0,0.156,2.1,1.6,11.2,0.689,13.5,29.0,0.739,0.966,0.302,0.0,77.0,1681.0,21.6,18.6,SG,0,1,10,39,50,0.113,0.149,0.068,0.117,0.553,2TM,206.0
Kentavious Caldwell-Pope,17.7,0.7,-2.5,10.6,0.219,2.0,1.9,13.2,0.533,17.7,32.0,0.726,0.873,0.155,0.016,77.0,1088.0,21.3,18.6,SG,0,2,3,19,76,0.101,0.09,0.172,0.161,0.475,MEM,204.0
Draymond Green,27.3,2.1,-1.4,19.5,0.171,3.2,1.6,25.5,0.54,16.1,35.0,0.837,0.99,0.339,0.014,78.0,1869.0,27.5,14.8,PF,43,52,0,6,0,0.208,0.039,0.01,0.112,0.631,GSW,230.0
Jared McCain,11.0,0.4,-2.4,10.6,0.123,2.2,1.5,10.0,0.551,20.7,21.0,0.39,0.848,0.226,0.002,75.0,1160.0,17.3,23.2,SG,0,0,14,19,67,0.16,0.108,0.052,0.144,0.535,2TM,195.0
Luguentz Dort,5.9,1.4,-2.0,10.7,0.111,3.4,1.6,8.9,0.524,14.1,26.0,0.716,0.984,0.196,0.032,76.0,1849.0,26.8,15.1,SF,1,56,0,41,1,0.115,0.078,0.042,0.055,0.71,OKC,220.0
Al Horford,17.0,4.9,1.6,20.5,0.08,5.0,1.5,11.1,0.554,16.5,39.0,0.703,0.986,0.215,0.012,80.0,969.0,21.5,18.6,C,94,6,0,0,0,0.099,0.034,0.012,0.222,0.633,GSW,240.0
Josh Oduro,6.6,0.0,-7.7,15.9,0.353,14.3,0.0,9.2,0.636,11.0,25.0,0.545,,0.5,0.0,81.0,82.0,27.3,14.6,PF,3,83,0,14,0,0.529,0.118,0.0,0.235,0.118,NOP,240.0
Kadary Richmond,16.6,1.3,3.6,14.7,0.188,1.6,5.7,10.4,0.722,12.0,24.0,0.5,1.0,0.25,0.125,78.0,67.0,22.3,17.7,SG,0,34,0,64,1,0.438,0.063,0.0,0.25,0.25,WAS,205.0
Malachi Smith,21.2,1.0,-0.8,13.4,0.081,3.7,1.7,12.0,0.605,14.2,26.0,0.393,0.85,0.217,0.0,76.0,359.0,23.9,17.1,SG,0,0,29,3,68,0.202,0.061,0.02,0.253,0.465,BRK,205.0
Bradley Beal,12.0,0.0,-10.6,2.8,0.167,2.0,1.2,14.9,0.476,22.2,32.0,0.727,1.0,0.211,0.0,76.0,121.0,20.2,20.1,SG,0,0,0,19,81,0.125,0.208,0.125,0.146,0.396,LAC,207.0
LJ Cryer,9.0,0.0,-4.7,9.3,0.162,1.5,0.5,10.0,0.59,20.3,24.0,0.5,0.784,0.181,0.0,72.0,292.0,16.2,24.6,PG,0,0,100,0,0,0.009,0.06,0.06,0.068,0.803,GSW,
Ron Holland,8.2,1.7,-2.0,16.5,0.274,6.1,2.9,13.6,0.525,18.9,20.0,0.616,0.98,0.571,0.101,,1551.0,19.9,20.0,SF,0,75,0,25,0,0.294,0.035,0.015,0.292,0.364,DET,
Chaney Johnson,16.4,2.4,0.1,16.3,0.372,10.4,2.1,15.5,0.635,16.2,23.0,0.5,0.778,0.167,0.138,79.0,348.0,20.5,19.8,SF,3,47,0,42,8,0.436,0.064,0.0,0.181,0.319,BRK,220.0
Jake LaRavia,9.3,1.7,-1.2,11.5,0.291,6.8,2.5,12.9,0.571,14.4,24.0,0.716,0.987,0.486,0.075,79.0,2061.0,25.1,16.0,PF,1,39,0,56,5,0.247,0.046,0.008,0.235,0.465,LAL,235.0
Sharife Cooper,25.8,0.6,-3.9,10.6,0.243,2.7,1.1,18.2,0.609,20.0,24.0,0.245,0.69,0.382,0.0,72.0,700.0,17.1,22.5,PG,0,0,100,0,0,0.312,0.138,0.065,0.178,0.308,WAS,176.0
Luka Garza,8.5,2.5,2.4,12.0,0.328,15.7,1.2,10.1,0.682,17.7,27.0,0.596,0.982,0.134,0.02,82.0,1118.0,16.2,25.2,C,96,4,0,0,0,0.353,0.048,0.011,0.232,0.356,BOS,243.0
Bez Mbeng,16.2,1.0,-4.9,8.8,0.25,3.9,3.2,16.5,0.55,11.1,22.0,0.705,0.833,0.355,0.0,76.0,492.0,32.8,11.6,SG,0,0,23,17,61,0.32,0.03,0.0,0.34,0.31,UTA,185.0
Bryce McGowens,9.5,0.9,-2.9,9.4,0.401,1.5,1.5,5.7,0.61,14.0,23.0,0.605,0.921,0.441,0.097,78.0,880.0,21.0,18.5,SG,0,0,6,29,65,0.266,0.072,0.013,0.257,0.392,NOP,190.0
Gary Trent Jr.,8.0,0.2,-5.4,4.8,0.11,0.7,1.2,7.6,0.533,17.2,27.0,0.55,0.886,0.284,0.0,77.0,1377.0,21.2,18.9,SG,0,1,2,61,36,0.038,0.07,0.085,0.085,0.723,MIL,204.0
Mouhamadou Gueye,17.9,1.9,-3.9,9.3,0.364,4.8,2.1,19.0,0.627,14.6,27.0,0.8,1.0,0.6,0.182,81.0,45.0,22.5,16.6,PF,54,46,0,0,0,0.545,0.0,0.0,0.0,0.455,CHI,210.0
DeJon Jarreau,21.8,3.2,-5.2,18.6,0.277,5.5,2.1,21.8,0.473,21.4,28.0,0.552,1.0,0.267,0.036,77.0,231.0,21.0,18.0,SG,0,0,12,21,67,0.301,0.157,0.024,0.157,0.361,MEM,185.0
David Roddy,7.9,1.3,0.0,17.6,0.233,12.9,2.7,5.7,0.605,20.9,24.0,0.25,1.0,0.182,0.1,77.0,73.0,14.6,26.7,PF,0,89,0,11,0,0.5,0.0,0.0,0.133,0.367,DEN,255.0
Tre Scott,8.2,2.6,-5.3,14.2,0.12,6.1,2.2,7.1,0.456,13.6,29.0,0.692,0.833,0.368,0.1,,182.0,30.3,13.0,PF,100,0,0,0,0,0.32,0.14,0.02,0.14,0.38,BRK,
Nate Williams,8.8,0.0,-5.0,4.8,0.17,9.2,1.0,13.7,0.592,19.5,26.0,0.667,0.923,0.6,0.068,77.0,239.0,17.1,22.7,SG,0,29,0,62,9,0.284,0.011,0.0,0.364,0.341,GSW,205.0
Bruce Brown,11.3,0.9,-2.4,12.5,0.241,5.0,2.1,13.6,0.562,14.5,29.0,0.56,0.93,0.527,0.034,76.0,1998.0,24.4,15.9,SG,0,0,31,5,64,0.318,0.094,0.015,0.289,0.284,DEN,202.0
Moussa Diabaté,10.2,3.5,1.7,21.1,0.485,16.5,1.5,14.2,0.653,11.4,24.0,0.627,1.0,0.5,0.306,,1899.0,26.0,15.0,C,99,1,0,0,0,0.636,0.036,0.008,0.314,0.006,CHO,
Tyson Etienne,16.9,0.0,-2.8,7.1,0.248,1.4,1.4,9.0,0.588,20.3,26.0,0.467,0.86,0.296,0.007,72.0,380.0,15.8,24.6,PG,0,0,100,0,0,0.069,0.034,0.062,0.09,0.745,BRK,200.0
Leonard Miller,8.2,1.8,-1.3,18.6,0.202,8.1,1.1,11.2,0.633,18.7,22.0,0.69,0.969,0.465,0.149,82.0,719.0,15.6,23.6,SF,2,40,0,54,3,0.466,0.019,0.004,0.134,0.378,2TM,220.0
Walter Clayton,26.6,1.3,-4.3,8.9,0.262,1.9,1.5,18.4,0.523,18.5,22.0,0.431,0.707,0.115,0.009,,1410.0,20.4,18.0,PG,0,0,63,0,36,0.13,0.093,0.041,0.206,0.529,2TM,
Paul Reed,13.3,6.6,5.3,20.1,0.324,16.5,3.1,13.0,0.65,20.6,26.0,0.724,0.923,0.3,0.147,81.0,901.0,13.9,27.1,C,93,7,0,0,0,0.413,0.071,0.029,0.369,0.118,DET,210.0
Oscar Tshiebwe,10.6,1.1,-1.8,25.2,0.338,18.1,1.7,11.2,0.633,17.2,26.0,0.685,,,0.11,80.0,448.0,16.6,22.1,C,80,20,0,0,0,0.531,0.069,0.0,0.4,0.0,UTA,255.0
Dominick Barlow,7.0,2.9,-1.1,13.5,0.328,8.5,1.8,10.9,0.597,12.8,22.0,0.665,1.0,0.744,0.18,81.0,1689.0,23.8,15.6,PF,11,89,0,0,0,0.489,0.04,0.018,0.248,0.206,PHI,224.0
Quinten Post,11.9,2.8,-1.1,19.7,0.098,6.4,1.1,10.9,0.56,18.8,25.0,0.69,0.989,0.307,0.041,84.0,1159.0,17.3,21.5,PF,93,7,0,0,0,0.141,0.03,0.027,0.171,0.631,GSW,238.0
Ousmane Dieng,17.7,1.5,-3.8,15.2,0.113,3.0,1.1,15.2,0.516,19.7,22.0,0.39,0.73,0.168,0.043,81.0,1099.0,19.3,19.2,C,29,67,0,4,0,0.133,0.153,0.095,0.153,0.465,2TM,185.0
Buddy Hield,12.8,1.0,-1.0,12.3,0.113,3.6,2.3,12.3,0.568,20.3,33.0,0.609,0.919,0.222,0.003,76.0,819.0,16.1,23.0,SG,0,12,0,62,26,0.159,0.037,0.046,0.11,0.648,2TM,220.0
Ryan Kalkbrenner,5.2,6.3,1.8,15.7,0.399,13.0,1.1,15.3,0.762,11.6,24.0,0.712,,0.2,0.46,85.0,1479.0,21.4,17.5,C,100,0,0,0,0,0.763,0.003,0.007,0.21,0.017,CHO,256.0
Vince Williams Jr.,27.5,1.8,-1.0,15.6,0.171,5.1,1.7,18.2,0.478,19.5,25.0,0.375,0.873,0.186,0.014,76.0,820.0,20.5,17.3,SG,0,0,93,0,7,0.11,0.099,0.021,0.164,0.606,2TM,205.0
Jaxson Hayes,6.9,4.0,1.2,16.1,0.573,10.0,1.2,8.6,0.758,13.0,25.0,0.81,1.0,0.0,0.5,84.0,1207.0,18.3,20.1,C,100,0,0,0,0,0.695,0.011,0.0,0.282,0.011,LAL,220.0
Gary Payton II,16.9,1.7,1.9,16.3,0.096,9.7,2.8,12.5,0.632,18.4,33.0,0.805,0.946,0.48,0.111,74.0,1142.0,15.6,23.2,SG,0,1,16,20,62,0.448,0.01,0.0,0.236,0.306,GSW,195.0
Ben Saraf,24.5,0.8,-7.3,9.7,0.29,2.4,2.1,22.5,0.486,21.0,19.0,0.366,0.789,0.189,0.053,78.0,916.0,20.8,17.9,SG,0,6,16,30,48,0.333,0.053,0.013,0.304,0.297,BRK,200.0
Ja'Kobe Walter,7.7,0.9,-0.3,10.0,0.223,4.3,2.4,7.7,0.61,14.0,21.0,0.729,0.991,0.442,0.057,76.0,1474.0,20.5,17.9,SG,0,0,12,8,81,0.205,0.035,0.002,0.092,0.666,TOR,180.0
Josh Minott,7.9,2.8,2.5,14.8,0.242,6.4,2.6,13.4,0.653,16.8,23.0,0.629,0.953,0.261,0.103,80.0,834.0,17.0,21.9,PF,33,48,0,9,9,0.214,0.02,0.008,0.151,0.607,2TM,205.0
Taylor Hendricks,6.8,2.5,-2.4,15.4,0.203,6.2,2.1,11.5,0.566,16.2,22.0,0.71,0.984,0.44,0.082,81.0,1118.0,18.9,18.5,PF,58,28,0,14,0,0.234,0.028,0.006,0.214,0.518,2TM,215.0
Jose Alvarado,23.1,0.6,-1.0,11.6,0.102,2.1,2.3,14.1,0.543,16.8,27.0,0.535,0.752,0.265,0.0,72.0,1370.0,19.9,18.0,PG,0,0,100,0,0,0.131,0.06,0.013,0.156,0.639,2TM,179.0
Bogdan Bogdanović,15.9,0.6,-3.1,13.3,0.164,1.6,1.1,14.2,0.525,18.6,33.0,0.231,0.667,0.105,0.0,,452.0,19.7,18.8,SG,0,2,20,23,56,0.112,0.099,0.059,0.105,0.625,LAC,
Caris LeVert,18.2,3.5,-0.4,9.0,0.215,2.3,2.1,16.1,0.518,18.4,31.0,0.466,0.733,0.217,0.033,79.0,1154.0,19.2,18.6,SG,0,8,4,56,33,0.192,0.105,0.026,0.217,0.46,DET,205.0
Cameron Payne,21.8,1.8,0.3,12.1,0.148,0.9,3.1,6.5,0.514,19.2,31.0,0.25,0.531,0.041,0.0,74.0,374.0,17.0,21.0,PG,0,0,95,0,5,0.094,0.074,0.02,0.161,0.651,PHI,183.0
Jamir Watkins,8.8,2.1,-3.3,15.4,0.277,5.0,2.5,10.8,0.554,15.1,24.0,0.541,0.957,0.424,0.125,78.0,1032.0,20.6,16.9,SG,0,8,8,40,44,0.257,0.027,0.01,0.172,0.534,WAS,210.0
Kris Dunn,17.9,0.6,-0.8,10.8,0.17,3.1,2.9,17.8,0.581,12.4,31.0,0.449,1.0,0.411,0.04,75.0,2230.0,27.2,13.3,PG,0,0,85,0,16,0.187,0.082,0.013,0.27,0.449,LAC,205.0
Nikola Jović,16.5,1.9,-3.5,16.5,0.322,3.2,1.5,15.4,0.48,21.4,22.0,0.686,0.933,0.269,0.01,,808.0,17.2,19.8,PF,38,61,0,0,0,0.191,0.025,0.019,0.232,0.532,MIA,
Kobe Sanders,11.4,0.7,-2.9,10.4,0.18,2.6,1.8,16.4,0.597,16.3,23.0,0.556,0.975,0.337,0.055,80.0,1351.0,19.9,18.2,SG,1,2,17,28,54,0.141,0.117,0.073,0.159,0.51,LAC,207.0
Jalen Slawson,15.7,3.8,-0.4,17.9,0.221,2.4,3.1,16.8,0.562,13.9,26.0,0.842,1.0,0.2,0.091,79.0,311.0,23.9,14.5,SF,0,19,0,77,5,0.26,0.039,0.039,0.143,0.519,IND,215.0
Terance Mann,18.6,0.9,-3.4,10.5,0.217,5.0,1.3,15.0,0.564,13.5,29.0,0.455,0.839,0.416,0.046,78.0,1529.0,24.3,14.7,SG,0,1,9,29,61,0.234,0.111,0.041,0.196,0.418,BRK,215.0
Pat Spencer,27.1,0.4,-2.3,9.9,0.131,4.5,1.9,15.6,0.516,18.9,29.0,0.302,0.7,0.19,0.009,74.0,1229.0,18.6,18.8,PG,0,0,63,1,36,0.135,0.177,0.037,0.266,0.385,GSW,205.0
Julian Strawther,9.8,0.7,-2.3,12.7,0.219,1.6,1.4,9.3,0.59,19.4,23.0,0.637,0.948,0.287,0.013,78.0,861.0,15.1,23.4,SG,0,11,1,52,36,0.154,0.129,0.006,0.241,0.47,DEN,205.0
Jaylin Williams,16.0,3.2,2.7,26.6,0.261,2.8,1.2,14.6,0.597,15.6,23.0,0.922,0.99,0.211,0.034,81.0,1277.0,19.6,17.8,PF,61,35,0,4,0,0.119,0.04,0.026,0.088,0.727,OKC,240.0
Leaky Black,6.6,1.6,-5.3,15.2,0.078,3.7,2.0,11.6,0.498,11.6,26.0,0.571,0.947,0.473,0.029,78.0,433.0,28.9,11.6,SF,2,33,0,45,19,0.136,0.146,0.097,0.087,0.534,WAS,209.0
Seth Curry,11.3,0.0,0.2,6.8,0.245,3.3,1.1,3.6,0.654,18.0,35.0,0.75,1.0,0.32,0.0,73.0,133.0,13.3,25.9,SG,0,0,19,13,68,0.02,0.061,0.286,0.122,0.51,GSW,185.0
Ben Sheppard,11.3,0.4,-3.0,12.2,0.132,3.3,1.3,9.1,0.561,13.8,24.0,0.75,0.976,0.358,0.013,78.0,1390.0,21.4,15.7,SG,0,0,11,20,69,0.202,0.049,0.028,0.121,0.599,IND,190.0
Lawson Lovering,8.3,1.9,-3.6,20.2,0.5,13.0,2.9,14.1,0.574,12.1,22.0,0.667,,,0.5,84.0,49.0,24.5,13.5,C,100,0,0,0,0,0.5,0.0,0.0,0.5,0.0,MEM,
Ethan Thompson,11.9,1.2,-4.9,8.9,0.24,2.8,1.5,10.3,0.515,15.7,26.0,0.694,0.947,0.388,0.005,76.0,653.0,20.4,16.2,SG,0,0,12,8,79,0.133,0.107,0.026,0.143,0.592,IND,195.0
Grant Williams,10.6,2.3,1.6,15.0,0.295,7.4,1.2,13.0,0.609,14.1,27.0,0.731,0.942,0.351,0.011,79.0,711.0,19.8,17.6,PF,12,88,0,0,0,0.06,0.071,0.022,0.115,0.732,CHO,236.0
Patrick Williams,9.4,1.5,-4.5,11.8,0.157,3.6,1.6,12.8,0.494,16.6,24.0,0.422,0.916,0.164,0.031,78.0,1474.0,20.5,16.0,PF,6,65,0,30,1,0.182,0.048,0.01,0.186,0.573,CHI,235.0
Javonte Green,5.0,1.7,2.1,12.8,0.302,4.9,3.4,8.8,0.607,14.8,32.0,0.758,0.947,0.385,0.089,77.0,1446.0,17.6,19.0,SG,0,2,8,31,60,0.2,0.014,0.017,0.171,0.597,DET,205.0
Moritz Wagner,9.7,0.4,-2.2,23.2,0.369,7.0,1.7,7.7,0.545,24.3,28.0,0.836,0.909,0.229,0.041,83.0,427.0,11.9,27.8,C,98,2,0,0,0,0.251,0.021,0.0,0.369,0.359,ORL,245.0
MarJon Beauchamp,11.1,1.9,-1.6,14.1,0.25,3.8,2.2,13.4,0.563,21.0,25.0,0.706,0.813,0.213,0.039,79.0,196.0,14.0,23.4,SF,0,8,3,57,32,0.184,0.053,0.039,0.105,0.618,PHI,199.0
Elijah Harkless,17.6,1.1,-5.6,8.7,0.398,1.9,2.7,12.1,0.471,16.2,25.0,0.424,0.952,0.33,0.006,75.0,545.0,21.0,15.3,SG,0,0,48,1,52,0.186,0.062,0.037,0.168,0.547,UTA,195.0
Keon Ellis,6.3,2.9,-0.5,7.3,0.182,2.8,2.7,9.0,0.579,13.0,26.0,0.769,0.967,0.343,0.06,76.0,1478.0,20.5,15.7,SG,0,2,28,15,56,0.143,0.065,0.023,0.115,0.654,2TM,175.0
Isaiah Jackson,8.5,4.8,-1.2,21.8,0.443,13.6,1.9,17.0,0.653,16.2,24.0,0.616,,0.667,0.186,80.0,908.0,16.5,19.6,C,94,6,0,0,0,0.629,0.025,0.013,0.321,0.013,2TM,205.0
Cole Anthony,34.8,2.1,-4.7,15.1,0.113,3.5,1.9,21.1,0.483,25.8,25.0,0.211,0.727,0.236,0.009,74.0,527.0,15.1,21.8,PG,0,0,99,0,1,0.143,0.199,0.078,0.268,0.312,MIL,185.0
Kevin Love,14.6,1.4,0.2,28.9,0.221,9.5,1.1,12.1,0.568,16.6,37.0,0.654,1.0,0.169,0.0,82.0,613.0,16.6,19.0,PF,26,64,0,10,0,0.151,0.035,0.015,0.085,0.714,UTA,251.0
Robert Williams,8.9,7.7,4.5,29.9,0.228,14.9,1.7,15.1,0.722,13.1,28.0,0.696,1.0,0.826,0.508,,1008.0,17.1,18.8,C,95,5,0,0,0,0.644,0.032,0.008,0.224,0.092,POR,
Ryan Nembhard,37.2,0.1,-4.1,10.8,0.079,1.2,1.0,17.4,0.492,17.5,22.0,0.281,0.75,0.111,0.0,71.0,1171.0,19.5,16.0,PG,0,0,100,0,0,0.09,0.228,0.177,0.159,0.346,DAL,180.0
Jamal Shead,30.6,0.8,-2.3,7.2,0.23,1.6,2.0,16.8,0.491,15.5,23.0,0.297,0.881,0.195,0.006,73.0,1852.0,22.6,14.4,PG,0,0,100,0,0,0.163,0.097,0.022,0.198,0.52,TOR,200.0
Oso Ighodaro,14.2,3.0,0.1,17.8,0.32,8.2,2.0,19.5,0.636,12.2,23.0,0.757,,0.0,0.339,83.0,1808.0,22.0,14.5,PF,97,3,0,0,0,0.522,0.096,0.0,0.38,0.003,PHO,235.0
Luke Kornet,11.3,4.0,3.6,17.0,0.419,14.0,1.1,8.0,0.689,10.3,30.0,0.771,,,0.331,85.0,1430.0,21.0,14.9,C,92,8,0,0,0,0.827,0.026,0.004,0.143,0.0,SAS,250.0
Drake Powell,10.3,1.0,-6.0,8.4,0.215,1.8,1.3,13.3,0.521,14.9,20.0,0.452,0.882,0.264,0.034,77.0,1320.0,21.0,15.3,SG,0,0,45,12,43,0.17,0.131,0.042,0.148,0.508,BRK,195.0
Trendon Watford,21.8,2.4,-1.9,17.5,0.287,4.7,0.9,17.5,0.573,17.9,25.0,0.523,1.0,0.2,0.015,80.0,864.0,16.3,19.3,PF,9,83,0,8,0,0.317,0.06,0.011,0.425,0.187,PHI,245.0
Kenrich Williams,12.7,0.6,0.2,15.6,0.176,7.8,1.8,11.9,0.569,18.3,31.0,0.522,0.92,0.225,0.024,79.0,855.0,15.3,20.5,PF,18,70,0,10,2,0.264,0.064,0.081,0.155,0.436,OKC,210.0
Jevon Carter,14.0,1.0,-1.1,9.6,0.062,1.8,2.2,10.2,0.537,17.0,30.0,0.489,0.808,0.302,0.003,72.0,867.0,16.4,18.6,PG,0,0,94,0,6,0.072,0.081,0.094,0.052,0.7,2TM,190.0
Andre Drummond,8.9,3.7,-0.6,29.8,0.249,17.5,1.5,14.0,0.539,14.9,32.0,0.504,1.0,0.8,0.122,83.0,1231.0,19.5,15.8,C,99,1,0,0,0,0.516,0.015,0.0,0.202,0.267,PHI,279.0
Will Richard,9.3,0.6,-1.7,8.7,0.156,5.3,2.8,12.5,0.596,13.0,23.0,0.681,0.972,0.443,0.043,75.0,1377.0,20.0,15.5,SG,0,2,19,24,55,0.231,0.032,0.02,0.104,0.613,GSW,206.0
Jalen Wilson,9.0,0.2,-5.6,13.9,0.345,2.2,1.3,10.6,0.536,18.2,25.0,0.518,0.981,0.263,0.0,78.0,859.0,15.9,19.7,PF,9,62,0,28,1,0.162,0.05,0.004,0.237,0.547,BRK,220.0
Rob Dillingham,20.6,0.5,-7.3,12.2,0.133,2.1,2.3,18.6,0.469,23.1,21.0,0.339,0.786,0.195,0.012,74.0,970.0,14.9,19.9,PG,0,0,65,1,34,0.245,0.097,0.087,0.248,0.323,2TM,175.0
Tyrese Martin,15.6,0.7,-3.4,12.9,0.101,4.8,1.6,12.1,0.501,18.4,26.0,0.482,0.887,0.2,0.022,78.0,777.0,16.9,18.4,SG,0,1,7,28,64,0.17,0.043,0.018,0.173,0.596,2TM,215.0
Kyle Anderson,19.4,2.8,0.4,13.8,0.337,5.4,2.5,14.4,0.573,13.2,32.0,0.437,1.0,0.727,0.03,80.0,853.0,19.8,14.8,SF,8,51,0,37,5,0.243,0.124,0.02,0.559,0.054,3TM,230.0
Thomas Bryant,6.3,3.4,0.1,21.9,0.247,8.9,1.2,8.6,0.625,18.6,28.0,0.807,1.0,0.214,0.146,81.0,732.0,12.2,24.3,C,100,0,0,0,0,0.311,0.034,0.015,0.15,0.491,CLE,248.0
Alex Caruso,14.1,1.6,1.9,13.0,0.17,3.1,3.4,13.0,0.54,15.7,31.0,0.689,0.981,0.436,0.027,77.0,1020.0,18.2,16.5,SG,0,24,1,52,24,0.23,0.023,0.01,0.133,0.603,OKC,186.0
Kasparas Jakučionis,18.1,0.7,-0.4,10.5,0.277,4.7,1.6,15.8,0.614,13.7,19.0,0.417,0.985,0.314,0.0,,945.0,17.8,16.1,PG,0,0,85,0,15,0.189,0.025,0.004,0.126,0.655,MIA,
Jahmai Mashack,13.8,1.9,-7.0,9.5,0.179,3.6,2.6,18.9,0.456,16.0,23.0,0.655,0.895,0.213,0.0,76.0,673.0,21.7,13.5,SG,0,6,27,41,26,0.287,0.041,0.015,0.272,0.385,MEM,203.0
Nick Smith Jr.,12.0,0.5,-4.7,6.0,0.093,1.0,1.2,11.1,0.552,22.0,21.0,0.25,0.706,0.116,0.006,74.0,375.0,12.5,24.1,SG,0,0,81,0,19,0.037,0.199,0.05,0.18,0.534,LAL,185.0
Mac McClung,10.4,1.9,-5.1,6.4,0.305,1.6,3.8,11.9,0.501,23.6,27.0,0.563,0.857,0.1,0.0,74.0,135.0,12.3,23.3,SG,0,1,17,29,53,0.288,0.034,0.017,0.153,0.508,2TM,185.0
Gradey Dick,6.5,0.6,-3.6,11.3,0.229,4.4,2.1,9.2,0.538,18.7,22.0,0.829,1.0,0.366,0.065,79.0,1067.0,14.0,20.8,SG,0,4,0,52,44,0.24,0.081,0.065,0.13,0.484,TOR,200.0
Justin Edwards,11.5,1.1,-1.3,7.7,0.122,2.9,2.7,9.6,0.572,16.1,22.0,0.513,0.91,0.167,0.038,79.0,977.0,15.3,19.1,SF,0,13,0,83,5,0.159,0.094,0.034,0.15,0.563,PHI,217.0
Hayden Gray,5.0,3.9,-5.3,0.0,0.667,0.0,1.9,20.5,0.773,8.0,22.0,0.0,,0.0,0.0,76.0,25.0,25.0,11.3,SG,0,0,0,0,100,0.0,0.333,0.0,0.333,0.333,UTA,190.0
Tidjane Salaün,6.6,1.1,-0.8,23.7,0.252,5.2,1.4,12.8,0.629,14.9,20.0,0.75,0.972,0.337,0.069,,575.0,15.5,19.1,PF,16,84,0,0,0,0.27,0.0,0.0,0.208,0.522,CHO,
Goga Bitadze,12.5,5.7,2.8,21.2,0.431,15.6,1.8,13.8,0.7,13.5,26.0,0.687,1.0,0.364,0.307,83.0,972.0,15.2,18.5,C,100,0,0,0,0,0.729,0.027,0.004,0.191,0.049,ORL,250.0
Charles Bassey,6.8,6.7,1.9,25.0,0.426,16.4,1.3,9.7,0.681,17.2,25.0,0.71,,,0.191,82.0,153.0,11.8,24.1,C,85,15,0,0,0,0.489,0.149,0.0,0.362,0.0,4TM,230.0
Kobe Brown,11.6,1.1,-2.7,13.6,0.218,7.8,1.2,15.1,0.594,15.6,26.0,0.533,0.923,0.374,0.074,79.0,963.0,15.8,17.7,PF,4,71,0,25,0,0.303,0.026,0.011,0.148,0.513,2TM,250.0
Nick Richards,3.2,4.1,-6.1,25.6,0.502,11.8,0.7,19.4,0.562,18.2,28.0,0.724,1.0,0.667,0.244,83.0,701.0,14.6,18.8,C,99,1,0,0,0,0.488,0.065,0.02,0.338,0.09,2TM,245.0
Steven Adams,8.3,2.5,-0.5,19.6,0.583,22.3,1.5,16.7,0.535,12.1,32.0,0.514,,,0.129,83.0,730.0,22.8,12.8,C,100,0,0,0,0,0.655,0.036,0.0,0.309,0.0,HOU,265.0
Branden Carlson,8.6,5.4,0.8,20.3,0.14,6.7,0.8,7.5,0.613,18.9,26.0,0.836,1.0,0.174,0.258,84.0,488.0,11.6,24.0,C,99,1,0,0,0,0.349,0.011,0.011,0.167,0.462,OKC,220.0
Ryan Dunn,10.3,2.0,-0.9,16.8,0.13,7.8,2.2,12.8,0.532,13.7,23.0,0.62,1.0,0.675,0.135,79.0,1355.0,19.4,14.8,SF,0,53,0,43,4,0.331,0.033,0.008,0.16,0.467,PHO,216.0
Anthony Gill,10.0,1.9,-2.6,11.5,0.214,6.4,1.5,13.3,0.682,11.9,33.0,0.737,1.0,0.354,0.088,79.0,951.0,17.3,16.0,PF,64,36,0,1,0,0.423,0.042,0.0,0.312,0.223,WAS,230.0
Kris Murray,8.1,1.5,-1.5,9.6,0.207,7.2,1.8,13.5,0.55,10.6,25.0,0.674,1.0,0.541,0.134,80.0,1333.0,23.4,11.9,SF,2,18,2,32,46,0.388,0.0,0.0,0.17,0.442,POR,218.0
Matisse Thybulle,7.7,3.0,4.4,9.6,0.187,3.8,6.0,16.2,0.6,14.7,28.0,0.524,0.973,0.366,0.022,77.0,480.0,16.0,17.3,SG,0,4,12,33,51,0.179,0.007,0.0,0.119,0.694,POR,202.0
Nae'Qwan Tomlin,7.0,3.2,-2.1,10.9,0.194,9.5,2.0,7.8,0.549,15.5,25.0,0.659,0.963,0.609,0.207,80.0,1004.0,15.7,17.9,PF,8,75,0,17,0,0.503,0.01,0.0,0.121,0.366,CLE,210.0
Dean Wade,8.3,1.7,0.2,16.1,0.137,4.4,1.6,5.1,0.58,9.9,29.0,0.725,0.986,0.378,0.047,81.0,1318.0,22.3,12.5,PF,14,73,0,14,0,0.223,0.025,0.011,0.036,0.705,CLE,228.0
Jamaree Bouyea,18.6,2.4,-0.4,11.4,0.148,3.0,2.2,10.7,0.523,18.5,26.0,0.447,0.609,0.205,0.038,74.0,644.0,14.0,20.2,PG,0,0,100,0,0,0.191,0.106,0.127,0.246,0.331,PHO,180.0
E.J. Liddell,11.0,2.7,-3.3,19.4,0.234,4.4,0.9,10.9,0.6,17.2,25.0,0.5,1.0,0.385,0.072,78.0,349.0,13.4,20.8,PF,51,48,0,2,0,0.189,0.054,0.018,0.27,0.468,BRK,240.0
Karlo Matković,7.7,5.6,0.7,18.8,0.174,8.4,1.3,11.8,0.696,13.1,24.0,0.731,0.974,0.522,0.306,,912.0,14.7,18.5,PF,34,65,0,1,0,0.447,0.013,0.0,0.157,0.383,NOP,
Doug McDermott,6.8,0.8,-4.4,7.9,0.065,1.7,0.7,8.3,0.574,15.1,34.0,0.667,1.0,0.154,0.014,79.0,439.0,15.1,18.1,SF,0,31,0,65,4,0.029,0.043,0.0,0.043,0.885,SAC,225.0
Yves Missi,8.6,7.4,-1.7,17.0,0.347,15.0,0.7,13.7,0.556,12.6,21.0,0.625,,0.0,0.252,83.0,1297.0,19.7,13.9,C,100,0,0,0,0,0.656,0.031,0.007,0.303,0.003,NOP,235.0
Mitchell Robinson,5.8,6.1,3.5,26.1,0.5,23.9,2.4,14.0,0.676,10.7,27.0,0.577,,,0.515,84.0,1175.0,19.6,14.3,C,76,24,0,0,0,0.922,0.005,0.0,0.073,0.0,NYK,240.0
Guerschon Yabusele,8.3,1.5,-2.2,19.0,0.231,6.1,1.2,10.7,0.543,16.1,30.0,0.679,0.986,0.332,0.032,79.0,1007.0,15.0,17.7,C,67,33,0,0,0,0.189,0.032,0.013,0.138,0.628,2TM,265.0
Terrence Shannon Jr.,9.5,0.2,-3.6,7.8,0.409,2.1,1.2,10.6,0.597,17.7,25.0,0.457,0.677,0.382,0.058,,538.0,12.5,21.4,SG,0,11,1,59,29,0.345,0.035,0.035,0.14,0.444,MIN,
Dru Smith,20.0,1.6,2.2,10.2,0.323,5.6,4.1,12.9,0.532,15.2,28.0,0.464,0.921,0.372,0.0,74.0,1141.0,16.3,16.1,SG,0,0,72,1,27,0.258,0.046,0.006,0.292,0.397,MIA,203.0
Eric Gordon,5.8,1.3,2.4,1.5,0.095,1.5,2.6,12.1,0.754,14.2,37.0,0.75,1.0,0.143,0.0,75.0,74.0,12.3,21.5,SG,0,0,3,36,61,0.238,0.0,0.0,0.095,0.667,PHI,215.0
Killian Hayes,26.3,0.9,-6.0,14.2,0.203,1.1,2.5,15.7,0.422,18.7,24.0,0.28,0.706,0.127,0.0,76.0,406.0,17.7,15.1,PG,0,0,85,0,15,0.036,0.225,0.094,0.188,0.457,SAC,195.0
Aaron Holiday,10.2,0.6,-2.4,6.3,0.163,1.9,1.7,12.3,0.578,16.6,29.0,0.237,0.94,0.3,0.004,72.0,781.0,13.7,20.0,PG,0,0,100,0,0,0.067,0.083,0.036,0.139,0.675,HOU,185.0
Jett Howard,9.3,1.4,-1.8,10.4,0.155,3.7,0.7,5.3,0.561,17.2,22.0,0.667,0.926,0.297,0.036,80.0,695.0,12.6,20.8,SF,3,33,0,42,22,0.167,0.04,0.028,0.187,0.578,ORL,215.0
Spencer Jones,4.5,1.9,-2.4,10.1,0.195,6.2,1.8,9.8,0.619,9.7,24.0,0.733,1.0,0.611,0.061,79.0,1417.0,22.1,12.1,SF,4,58,0,39,0,0.294,0.015,0.011,0.13,0.55,DEN,225.0
Tre Mann,18.7,0.7,-5.3,11.9,0.089,3.4,1.9,14.6,0.462,23.3,24.0,0.322,0.66,0.187,0.01,76.0,669.0,12.6,21.6,PG,0,0,91,0,9,0.122,0.135,0.059,0.172,0.512,CHO,178.0
Baylor Scheierman,10.5,0.4,0.6,16.0,0.093,4.5,1.5,11.7,0.616,11.9,25.0,0.685,0.948,0.342,0.015,78.0,1429.0,18.6,15.1,SG,0,1,5,41,53,0.066,0.084,0.027,0.093,0.73,BOS,205.0
Jamal Cain,8.6,0.7,-1.4,11.6,0.303,6.4,1.1,9.9,0.624,16.6,26.0,0.739,0.929,0.534,0.072,79.0,486.0,12.2,21.2,SF,0,4,0,49,46,0.224,0.079,0.033,0.184,0.48,ORL,191.0
Dylan Cardwell,9.2,6.8,-1.9,23.5,0.285,17.6,1.6,16.2,0.591,11.3,24.0,0.718,1.0,0.75,0.358,82.0,907.0,20.6,12.7,C,74,26,0,0,0,0.441,0.078,0.011,0.453,0.022,SAC,255.0
Haywood Highsmith,10.7,0.0,3.8,8.8,0.304,7.1,2.2,0.0,0.729,12.2,29.0,0.75,0.875,0.143,0.0,77.0,91.0,13.0,20.6,SF,0,43,0,52,6,0.13,0.043,0.0,0.217,0.609,PHO,220.0
Sion James,11.4,1.0,-2.0,14.3,0.263,3.1,1.4,13.5,0.531,11.0,23.0,0.527,0.952,0.369,0.043,77.0,1843.0,22.5,11.9,SG,0,2,10,25,64,0.199,0.022,0.005,0.14,0.634,CHO,220.0
Pete Nance,9.2,1.9,-2.3,14.9,0.057,4.2,0.9,11.6,0.639,13.5,25.0,0.72,0.98,0.319,0.072,81.0,737.0,15.7,16.9,PF,17,44,0,38,1,0.211,0.015,0.005,0.155,0.613,MIL,225.0
Tyrese Proctor,18.6,0.0,-2.8,10.7,0.2,2.2,2.2,14.0,0.556,22.0,21.0,0.404,0.696,0.16,0.027,76.0,545.0,10.9,24.0,PG,0,0,49,2,49,0.169,0.062,0.049,0.138,0.582,CLE,185.0
Jordan Walsh,5.8,2.6,0.2,16.6,0.213,7.9,2.0,10.7,0.623,11.7,21.0,0.602,1.0,0.36,0.15,78.0,1212.0,17.8,15.2,PF,2,64,0,31,3,0.337,0.022,0.0,0.172,0.468,BOS,205.0
Rayan Rupert,8.6,0.8,-5.1,14.4,0.173,4.8,2.4,14.0,0.493,15.0,21.0,0.481,0.932,0.404,0.032,79.0,1072.0,16.8,14.7,SG,1,20,4,38,37,0.201,0.07,0.029,0.265,0.435,2TM,205.0
Trey Alexander,11.6,1.7,-1.6,9.8,0.135,1.0,2.6,7.1,0.599,15.8,22.0,0.538,1.0,0.333,0.0,77.0,111.0,12.3,20.3,SG,0,0,26,5,69,0.135,0.243,0.081,0.216,0.324,NOP,185.0
Drew Eubanks,5.0,4.3,-3.7,18.3,0.365,7.7,1.3,14.2,0.605,16.3,28.0,0.826,1.0,0.714,0.269,82.0,552.0,13.1,19.2,C,99,1,0,0,0,0.314,0.135,0.013,0.494,0.045,SAC,245.0
Andersson Garcia,10.0,2.3,-5.7,16.4,0.31,10.6,2.2,17.5,0.394,9.7,25.0,0.625,1.0,0.308,0.103,79.0,169.0,33.8,7.2,SF,17,40,0,41,2,0.241,0.0,0.0,0.31,0.448,UTA,220.0
Garrison Mathews,6.9,1.3,-1.3,8.5,0.442,1.1,1.5,4.6,0.628,14.1,29.0,1.0,1.0,0.37,0.0,77.0,196.0,13.1,18.9,SG,0,0,0,22,78,0.058,0.019,0.0,0.038,0.885,IND,215.0
Asa Newell,7.2,2.7,-1.5,11.5,0.172,9.4,1.5,11.2,0.624,17.1,20.0,0.677,1.0,0.6,0.183,82.0,500.0,11.4,21.4,PF,28,71,0,1,0,0.402,0.0,0.0,0.154,0.444,ATL,220.0
Jalen Pickett,18.4,0.6,-2.3,12.7,0.082,2.6,0.8,12.4,0.541,14.8,26.0,0.49,0.776,0.22,0.004,74.0,807.0,16.1,15.7,SG,0,0,60,0,40,0.103,0.103,0.091,0.155,0.547,DEN,202.0
Marcus Sasser,21.9,0.9,-1.7,7.7,0.102,1.7,2.1,14.4,0.533,19.6,25.0,0.56,0.818,0.255,0.0,73.0,457.0,12.0,20.8,PG,0,0,100,0,0,0.085,0.096,0.085,0.136,0.599,DET,195.0
Nikola Topić,36.5,0.0,-8.4,7.8,0.098,4.9,1.5,32.0,0.489,21.2,20.0,0.5,0.833,0.067,0.0,,160.0,16.0,15.7,PG,0,0,100,0,0,0.235,0.078,0.0,0.392,0.294,OKC,
Ochai Agbaji,6.8,1.7,-4.0,11.5,0.154,5.3,1.2,9.4,0.525,14.6,25.0,0.83,0.941,0.43,0.111,77.0,973.0,15.7,15.8,SG,0,0,8,20,71,0.346,0.025,0.011,0.161,0.457,2TM,215.0
Sidy Cissoko,10.2,1.5,-4.0,8.0,0.263,4.6,1.7,15.8,0.514,12.5,21.0,0.662,0.949,0.444,0.12,78.0,1435.0,19.1,12.7,SF,0,12,13,36,38,0.216,0.015,0.018,0.159,0.593,POR,220.0
Johnny Furphy,8.6,0.9,-3.7,20.9,0.235,5.3,1.5,15.0,0.547,12.8,21.0,0.766,0.957,0.408,0.128,80.0,643.0,18.4,13.3,SG,0,5,0,46,49,0.302,0.0,0.013,0.208,0.477,IND,200.0
Jordan Hawkins,8.2,1.4,-6.2,10.7,0.105,3.1,0.9,11.2,0.48,18.2,23.0,0.596,0.894,0.193,0.031,77.0,692.0,13.6,17.8,SG,0,1,2,7,91,0.105,0.109,0.195,0.066,0.525,NOP,190.0
Jericho Sims,10.7,1.3,-3.1,19.0,0.384,12.7,0.7,25.8,0.772,9.8,27.0,0.814,,,0.578,82.0,1318.0,19.7,12.5,C,79,21,0,0,0,0.816,0.038,0.0,0.146,0.0,MIL,250.0
Adem Bona,3.4,6.2,-2.9,16.0,0.514,11.2,1.2,17.2,0.638,11.1,22.0,0.589,1.0,0.833,0.355,82.0,1234.0,17.4,13.5,C,96,4,0,0,0,0.755,0.009,0.0,0.209,0.027,PHI,235.0
Blake Wesley,24.8,1.2,-3.6,9.4,0.379,2.4,2.1,17.6,0.511,19.8,22.0,0.391,1.0,0.278,0.016,76.0,361.0,11.6,19.6,SG,0,0,47,17,36,0.395,0.113,0.056,0.145,0.29,POR,190.0
Tyler Smith,4.1,0.0,-4.8,13.3,0.12,7.7,1.7,10.2,0.532,14.8,21.0,0.545,1.0,0.486,0.14,81.0,166.0,13.8,15.9,PF,6,75,0,19,0,0.22,0.0,0.02,0.06,0.7,DAL,224.0
KJ Simpson,23.0,0.0,-5.1,12.0,0.182,4.1,3.1,19.0,0.426,21.8,23.0,0.273,0.75,0.15,0.02,74.0,257.0,12.9,17.5,PG,0,0,98,0,2,0.273,0.131,0.01,0.182,0.404,2TM,189.0
Lonzo Ball,22.6,1.2,-1.1,17.2,0.119,3.9,3.0,21.9,0.432,13.7,28.0,0.538,0.85,0.197,0.011,77.0,728.0,20.8,10.6,PG,0,0,43,4,54,0.097,0.023,0.023,0.023,0.835,CLE,190.0
Malaki Branham,11.8,1.0,-2.2,12.7,0.374,4.6,1.7,12.4,0.604,18.4,22.0,0.552,0.929,0.135,0.033,76.0,275.0,9.8,22.0,SG,0,0,15,19,67,0.253,0.033,0.011,0.297,0.407,WAS,180.0
Zyon Pullin,31.0,0.0,-1.1,5.0,0.308,2.6,1.1,16.9,0.779,17.4,24.0,0.25,1.0,0.0,0.077,76.0,43.0,8.6,25.5,SG,0,0,89,0,11,0.308,0.0,0.0,0.462,0.231,MIN,206.0
Jeremiah Robinson-Earl,5.6,0.2,-5.2,20.4,0.18,10.6,1.2,10.0,0.468,14.1,25.0,0.481,1.0,0.561,0.04,81.0,361.0,16.4,13.3,PF,3,95,0,3,0,0.35,0.05,0.03,0.16,0.41,2TM,240.0
PJ Hall,6.6,4.3,-2.3,21.7,0.492,17.6,0.7,18.2,0.599,17.3,23.0,0.741,1.0,0.6,0.254,80.0,214.0,11.3,19.8,C,99,1,0,0,0,0.644,0.017,0.034,0.22,0.085,2TM,245.0
Moussa Cisse,2.3,7.2,-2.9,25.2,0.704,17.9,1.7,16.6,0.564,14.3,23.0,0.682,,,0.374,83.0,530.0,13.9,15.1,C,100,0,0,0,0,0.791,0.0,0.0,0.209,0.0,DAL,220.0
Mike Conley,19.5,1.2,-1.3,8.2,0.233,2.0,1.7,12.5,0.517,11.5,38.0,0.75,0.929,0.277,0.0,73.0,991.0,18.4,11.8,PG,0,0,100,0,0,0.056,0.037,0.028,0.107,0.772,MIN,175.0
Josh Okogie,6.4,1.1,-1.2,9.6,0.235,6.7,2.3,11.2,0.544,11.3,27.0,0.587,1.0,0.646,0.109,76.0,1354.0,17.4,13.0,SG,0,0,3,22,74,0.245,0.02,0.02,0.167,0.548,HOU,213.0
Taelon Peter,11.2,0.7,-4.6,11.1,0.101,2.2,2.5,14.1,0.518,16.6,23.0,0.737,0.927,0.24,0.057,75.0,492.0,12.9,16.5,SG,0,0,61,4,35,0.152,0.0,0.025,0.032,0.791,IND,185.0
Craig Porter Jr.,22.4,3.1,2.0,12.9,0.155,8.2,2.4,17.6,0.524,12.3,25.0,0.53,0.818,0.333,0.05,73.0,1148.0,17.9,12.1,PG,0,0,86,0,14,0.264,0.155,0.016,0.205,0.36,CLE,180.0
John Konchar,13.4,3.2,0.9,16.5,0.221,7.0,3.5,13.8,0.568,9.4,29.0,0.697,0.964,0.465,0.025,77.0,1115.0,19.9,10.5,SG,0,9,3,51,36,0.291,0.035,0.01,0.166,0.497,2TM,210.0
RayJ Dennis,21.9,1.7,-6.0,9.7,0.108,4.1,0.9,16.4,0.425,21.4,24.0,0.583,0.714,0.156,0.0,73.0,206.0,12.1,17.1,PG,0,0,100,0,0,0.133,0.108,0.024,0.193,0.542,3TM,180.0
Gabe Vincent,10.8,0.3,-4.3,4.7,0.106,2.2,1.5,10.7,0.511,12.3,29.0,0.353,0.847,0.26,0.0,74.0,879.0,16.6,12.7,PG,0,0,99,0,1,0.051,0.06,0.023,0.065,0.801,2TM,200.0
Mouhamed Gueye,7.4,3.0,-1.3,17.4,0.214,8.1,2.4,9.4,0.539,12.4,23.0,0.714,1.0,0.662,0.183,83.0,1179.0,15.3,13.7,PF,44,56,0,0,0,0.338,0.055,0.021,0.138,0.448,ATL,210.0
Kam Jones,26.2,0.0,-6.2,8.1,0.047,2.6,1.4,17.3,0.47,14.4,23.0,0.391,0.818,0.24,0.006,76.0,616.0,16.6,12.5,SG,0,1,17,22,60,0.154,0.047,0.018,0.337,0.444,IND,200.0
DeAndre Jordan,7.2,4.7,-0.2,27.4,0.531,13.9,1.0,18.6,0.671,10.1,37.0,0.619,,,0.313,83.0,199.0,16.6,12.7,C,100,0,0,0,0,0.781,0.031,0.0,0.188,0.0,NOP,265.0
Tyler Kolek,31.7,0.6,-0.6,12.7,0.081,2.5,1.5,17.6,0.533,18.4,24.0,0.344,0.727,0.14,0.0,74.0,727.0,11.7,18.7,PG,0,0,80,0,20,0.173,0.133,0.016,0.218,0.46,NYK,195.0
Jase Richardson,14.2,0.3,-2.5,8.1,0.245,4.0,1.6,10.7,0.574,16.8,20.0,0.574,0.929,0.329,0.043,73.0,587.0,10.9,19.6,SG,0,0,35,5,60,0.191,0.085,0.027,0.277,0.42,ORL,180.0
Jarred Vanderbilt,9.6,1.6,-1.5,21.3,0.233,8.6,2.4,17.5,0.544,12.4,26.0,0.69,0.966,0.909,0.192,80.0,1128.0,17.4,12.5,PF,5,65,0,31,0,0.425,0.0,0.008,0.154,0.413,LAL,214.0
Keshon Gilbert,21.0,4.8,-4.6,4.4,0.583,2.9,1.9,34.7,0.564,13.0,22.0,0.4,,0.333,0.0,76.0,74.0,18.5,10.9,SG,0,0,6,11,83,0.333,0.083,0.0,0.333,0.25,2TM,200.0
Rasheer Fleming,3.3,3.0,-3.8,11.4,0.158,9.1,1.6,11.2,0.517,16.3,21.0,0.738,1.0,0.546,0.079,81.0,673.0,12.2,17.5,PF,11,86,0,3,0,0.279,0.023,0.019,0.074,0.605,PHO,240.0
Josh Green,6.8,0.6,-0.7,7.0,0.155,5.7,1.9,15.3,0.644,10.6,25.0,0.72,1.0,0.594,0.039,78.0,908.0,15.7,13.6,SG,0,1,20,12,66,0.138,0.017,0.0,0.083,0.762,CHO,200.0
Keshad Johnson,3.9,2.5,-1.3,13.4,0.279,9.6,2.5,10.0,0.582,18.9,24.0,0.658,0.923,0.364,0.192,78.0,280.0,8.8,22.5,SF,2,54,0,39,5,0.423,0.019,0.01,0.125,0.423,MIA,225.0
Yanic Konan Niederhäuser,4.1,6.7,-2.2,21.4,0.62,10.4,0.6,15.3,0.691,15.7,22.0,0.714,1.0,0.2,0.35,,424.0,10.3,20.6,C,98,2,0,0,0,0.57,0.03,0.0,0.35,0.05,LAC,
Skal Labissière,11.1,2.3,0.3,17.3,0.0,8.3,2.5,9.1,0.65,12.1,29.0,1.0,1.0,0.2,0.1,,38.0,12.7,16.2,PF,100,0,0,0,0,0.2,0.1,0.1,0.1,0.5,WAS,
Dereck Lively II,14.7,8.1,0.6,21.0,0.556,13.0,1.6,30.9,0.67,11.8,21.0,0.727,,,0.444,85.0,115.0,16.4,12.3,C,100,0,0,0,0,0.778,0.0,0.0,0.222,0.0,DAL,230.0
Liam McNeeley,8.7,0.8,-1.3,18.1,0.411,4.1,0.7,10.4,0.588,14.4,20.0,0.714,0.958,0.35,0.0,79.0,368.0,11.9,17.8,SF,0,22,0,76,1,0.126,0.032,0.0,0.211,0.632,CHO,210.0
Grant Nelson,22.5,13.3,2.2,17.6,1.111,3.1,1.4,23.0,0.634,21.7,23.0,1.0,,,0.333,84.0,35.0,8.8,24.0,PF,15,85,0,0,0,0.556,0.111,0.0,0.333,0.0,BRK,215.0
Micah Peavy,8.8,0.9,-5.2,8.5,0.105,5.4,2.3,6.5,0.455,14.0,24.0,0.59,1.0,0.444,0.087,79.0,913.0,15.0,13.7,SG,0,11,1,56,31,0.313,0.073,0.022,0.2,0.393,NOP,215.0
Jabari Walker,6.1,1.6,-2.7,17.4,0.319,10.2,1.5,10.0,0.568,15.0,23.0,0.508,1.0,0.516,0.066,79.0,762.0,11.9,17.5,PF,4,75,0,20,0,0.39,0.019,0.014,0.131,0.446,PHI,237.0
Carter Bryant,7.5,2.5,-3.0,17.9,0.158,5.1,0.9,10.4,0.526,16.3,20.0,0.661,0.981,0.465,0.109,78.0,818.0,11.5,17.5,PF,5,53,0,41,1,0.279,0.049,0.008,0.079,0.585,SAS,220.0
Ron Harper Jr.,9.5,2.9,1.1,11.2,0.036,5.3,1.6,6.7,0.55,16.4,25.0,0.389,0.964,0.35,0.018,77.0,318.0,11.0,19.6,SF,0,24,0,59,17,0.118,0.036,0.0,0.118,0.727,BOS,233.0
Dalton Knecht,5.3,1.8,-3.6,12.5,0.115,3.1,1.0,10.3,0.568,17.7,24.0,0.694,0.947,0.252,0.073,78.0,553.0,10.2,20.1,SF,1,7,0,44,48,0.157,0.115,0.026,0.12,0.581,LAL,215.0
A.J. Lawson,4.2,1.7,-1.0,17.2,0.231,4.5,2.6,6.5,0.588,17.5,25.0,0.933,1.0,0.644,0.051,78.0,226.0,9.4,21.8,SG,0,2,8,22,68,0.295,0.0,0.0,0.128,0.577,TOR,179.0
Tristan Enaruna,11.2,0.0,-1.0,9.0,0.286,9.1,2.8,8.7,0.587,17.1,24.0,0.727,1.0,0.6,0.036,79.0,85.0,9.4,20.9,SF,0,27,7,40,27,0.393,0.036,0.0,0.214,0.357,CLE,220.0
Nicolas Batum,6.5,1.7,-1.0,14.1,0.046,2.1,1.8,13.2,0.603,9.6,37.0,0.75,1.0,0.434,0.0,79.0,1295.0,17.5,11.3,PF,4,72,0,24,0,0.008,0.008,0.021,0.004,0.958,LAC,230.0
Tony Bradley,6.9,1.3,-4.2,13.8,0.368,14.2,0.6,11.7,0.596,14.5,28.0,0.677,1.0,1.0,0.077,82.0,450.0,11.0,17.1,C,95,4,0,1,0,0.504,0.043,0.06,0.359,0.034,2TM,248.0
Jaylen Clark,6.3,0.9,-2.4,8.0,0.294,6.8,2.5,8.2,0.534,13.3,24.0,0.5,0.97,0.574,0.039,77.0,888.0,13.1,14.8,SG,0,0,11,25,64,0.285,0.066,0.0,0.206,0.443,MIN,205.0
Brandon Clarke,7.1,0.0,-4.9,11.0,0.444,21.3,4.7,0.0,0.372,22.4,29.0,0.667,,,0.0,80.0,20.0,10.0,18.9,PF,0,21,0,79,0,0.556,0.0,0.0,0.444,0.0,MEM,215.0
Riley Minix,14.1,1.6,1.8,7.5,0.13,3.8,1.7,11.0,0.72,19.8,25.0,0.4,1.0,0.583,0.043,79.0,58.0,6.4,29.0,SF,0,33,0,50,17,0.304,0.0,0.043,0.13,0.522,2TM,230.0
Joan Beringer,5.6,7.2,0.4,16.1,0.378,16.1,1.1,8.8,0.683,16.8,19.0,0.738,,,0.337,83.0,314.0,7.9,23.7,PF,81,20,0,0,0,0.806,0.0,0.0,0.194,0.0,MIN,230.0
Hugo González,4.8,2.0,-1.5,18.3,0.106,6.4,2.0,12.9,0.561,11.8,19.0,0.667,1.0,0.466,0.057,,1084.0,14.6,13.5,SF,0,11,2,67,21,0.26,0.028,0.012,0.228,0.472,BOS,
Caleb Martin,12.4,1.5,-2.2,14.1,0.323,3.5,2.2,15.6,0.526,12.5,30.0,0.554,1.0,0.649,0.058,77.0,856.0,14.8,12.5,SF,0,6,1,36,56,0.312,0.085,0.122,0.18,0.302,DAL,205.0
Koby Brea,17.7,0.0,0.2,9.6,0.056,1.3,0.6,9.8,0.61,20.7,23.0,0.0,0.846,0.167,0.0,77.0,84.0,7.0,26.5,SG,0,0,13,0,87,0.083,0.056,0.0,0.028,0.833,PHO,215.0
Clint Capela,7.1,6.3,0.4,21.8,0.344,19.4,1.9,13.6,0.54,13.7,31.0,0.624,1.0,0.5,0.247,82.0,926.0,12.3,15.2,C,87,13,0,0,0,0.63,0.013,0.004,0.344,0.009,HOU,256.0
Noah Penda,12.5,2.2,-1.5,17.9,0.236,9.8,1.9,15.8,0.506,14.8,21.0,0.442,0.933,0.376,0.064,79.0,757.0,12.8,14.4,SF,0,19,0,65,16,0.241,0.025,0.02,0.256,0.458,ORL,215.0
Omer Yurtseven,10.4,0.9,-7.6,18.6,0.692,13.7,0.9,21.0,0.501,17.5,27.0,0.545,,0.5,0.115,83.0,104.0,11.6,15.8,C,100,0,0,0,0,0.385,0.077,0.0,0.385,0.154,GSW,275.0
Patrick Baldwin Jr.,6.4,4.5,-4.4,12.3,0.259,12.8,1.4,14.3,0.549,14.7,23.0,0.4,1.0,0.286,0.037,84.0,102.0,11.3,15.7,SF,0,68,0,32,0,0.185,0.037,0.0,0.259,0.519,3TM,220.0
Dalen Terry,16.0,2.4,-1.7,11.6,0.194,5.1,2.5,13.4,0.523,14.8,23.0,0.477,0.958,0.485,0.039,78.0,551.0,11.5,15.1,SG,0,5,7,52,36,0.335,0.026,0.026,0.187,0.426,2TM,210.0
DaRon Holmes,10.2,2.7,-0.5,13.8,0.23,4.5,0.2,15.2,0.692,16.4,23.0,1.0,1.0,0.222,0.148,,210.0,8.4,21.6,PF,71,29,0,0,0,0.164,0.033,0.0,0.066,0.738,DEN,
Larry Nance Jr.,9.7,1.3,-3.4,15.6,0.105,7.1,2.2,13.4,0.505,14.0,33.0,0.774,1.0,0.476,0.153,78.0,449.0,12.8,14.0,PF,13,58,0,29,0,0.315,0.04,0.0,0.137,0.508,CLE,245.0
Zeke Nnaji,5.9,3.6,-3.5,17.6,0.291,6.2,1.3,13.7,0.558,13.7,25.0,0.789,1.0,0.333,0.166,82.0,626.0,12.0,14.8,PF,71,29,0,0,0,0.43,0.02,0.053,0.139,0.358,DEN,240.0
Tolu Smith,12.4,4.4,0.0,21.8,0.833,18.3,0.7,12.5,0.569,17.1,25.0,0.611,,,0.111,83.0,137.0,9.1,19.8,PF,95,5,0,0,0,0.611,0.0,0.0,0.389,0.0,DET,
Jeremy Sochan,11.2,1.4,-1.2,16.0,0.202,8.7,1.8,13.0,0.563,14.6,22.0,0.774,1.0,0.511,0.186,80.0,469.0,10.7,16.3,PF,39,59,0,2,0,0.426,0.023,0.016,0.186,0.349,2TM,230.0
Mohamed Diawara,11.2,1.0,-1.7,14.0,0.113,2.6,1.3,11.8,0.55,17.1,20.0,0.619,0.979,0.254,0.014,81.0,634.0,9.2,19.2,SF,1,55,0,44,0,0.197,0.042,0.047,0.103,0.61,NYK,225.0
Myron Gardner,14.0,1.7,0.9,21.1,0.211,9.8,2.3,11.2,0.606,15.0,24.0,0.515,0.923,0.266,0.049,77.0,411.0,9.1,18.4,SF,0,26,0,49,25,0.301,0.033,0.008,0.138,0.52,MIA,220.0
Olivier Sarr,16.6,7.3,2.6,25.3,0.714,5.7,2.5,17.9,0.761,12.1,26.0,0.667,1.0,0.0,0.429,82.0,39.0,9.8,17.3,C,100,0,0,0,0,0.571,0.0,0.0,0.0,0.429,CLE,240.0
Keaton Wallace,22.5,0.8,-2.7,10.9,0.105,0.6,2.1,13.5,0.52,16.1,26.0,0.4,0.895,0.078,0.006,75.0,536.0,10.1,16.4,PG,0,0,96,0,4,0.041,0.175,0.064,0.123,0.596,ATL,185.0
Trayce Jackson-Davis,11.1,4.5,-0.4,18.1,0.597,14.7,1.7,12.3,0.578,15.3,25.0,0.714,1.0,0.0,0.339,81.0,496.0,9.4,17.7,C,100,0,0,0,0,0.71,0.0,0.0,0.282,0.008,2TM,245.0
Taj Gibson,8.4,0.9,-3.5,18.2,0.308,12.1,1.0,3.3,0.576,13.1,40.0,0.889,1.0,0.833,0.038,81.0,97.0,9.7,16.6,C,100,0,0,0,0,0.269,0.154,0.038,0.308,0.231,MEM,232.0
Yuki Kawamura,28.2,0.0,-3.7,13.0,0.365,3.6,2.0,18.8,0.514,14.8,24.0,0.667,1.0,0.216,0.0,67.0,209.0,11.6,13.9,PG,0,0,100,0,0,0.096,0.154,0.019,0.019,0.712,CHI,159.0
Drew Timme,13.7,0.0,-2.2,11.1,0.136,5.2,1.2,15.7,0.658,15.4,25.0,0.667,1.0,0.36,0.0,81.0,235.0,8.7,19.1,PF,58,42,0,0,0,0.182,0.227,0.015,0.197,0.379,LAL,235.0
AJ Johnson,14.0,0.6,-8.9,9.7,0.227,3.3,1.1,13.4,0.413,20.6,21.0,0.356,0.75,0.193,0.068,77.0,454.0,9.5,16.7,SG,0,0,30,10,60,0.352,0.011,0.011,0.301,0.324,2TM,160.0
Dorian Finney-Smith,7.1,0.9,-4.3,10.2,0.068,6.3,1.3,13.9,0.452,10.7,32.0,0.588,0.926,0.39,0.015,79.0,620.0,16.8,9.9,PF,0,47,0,51,2,0.182,0.008,0.0,0.053,0.758,HOU,220.0
Enrique Freeman,7.0,7.0,0.0,23.3,0.5,6.1,2.6,17.0,0.666,13.4,25.0,1.0,1.0,0.75,0.125,81.0,37.0,9.3,16.8,PF,0,94,0,6,0,0.25,0.125,0.125,0.0,0.5,MIN,220.0
Malevy Leons,11.4,3.0,-2.8,9.5,0.264,11.9,2.5,13.9,0.516,14.4,26.0,0.536,1.0,0.688,0.069,81.0,276.0,11.0,14.6,SF,4,63,0,34,0,0.361,0.028,0.014,0.375,0.222,GSW,210.0
Dwight Powell,9.5,2.0,-1.4,18.7,1.109,11.3,1.8,21.4,0.699,8.9,34.0,0.81,1.0,0.714,0.139,82.0,904.0,14.3,11.0,C,94,6,0,0,0,0.683,0.0,0.01,0.238,0.069,DAL,240.0
Isaiah Stevens,29.3,0.0,2.2,2.7,0.571,5.1,5.6,18.6,0.571,10.6,25.0,0.667,,0.0,0.0,71.0,43.0,14.3,11.2,PG,0,0,100,0,0,0.429,0.143,0.0,0.286,0.143,SAC,185.0
James Wiseman,7.0,1.5,-9.0,5.8,0.2,9.2,0.0,31.5,0.597,11.6,24.0,0.667,,,0.4,83.0,58.0,14.5,10.7,C,90,10,0,0,0,0.5,0.0,0.1,0.4,0.0,IND,240.0
Amir Coffey,7.5,1.0,-3.1,8.8,0.248,4.2,0.9,6.7,0.594,11.9,28.0,0.553,1.0,0.49,0.018,79.0,490.0,10.7,15.0,SG,0,7,1,57,35,0.177,0.133,0.08,0.177,0.434,2TM,210.0
Alex Antetokounmpo,6.8,4.8,5.4,21.4,1.875,10.9,0.0,6.4,0.651,32.8,24.0,1.0,1.0,0.429,0.0,80.0,21.0,3.5,44.5,SF,0,62,0,38,0,0.0,0.125,0.0,0.0,0.875,MIL,214.0
Kelly Olynyk,17.6,0.7,-0.1,15.1,0.396,7.4,2.0,17.6,0.59,16.0,34.0,0.429,1.0,0.191,0.01,84.0,360.0,8.6,17.7,C,81,19,0,0,0,0.302,0.031,0.021,0.156,0.49,SAS,240.0
Jamison Battle,6.3,0.6,-2.6,15.3,0.097,4.4,0.7,11.2,0.635,14.1,24.0,0.846,1.0,0.318,0.048,79.0,517.0,8.5,18.1,SF,1,43,0,56,0,0.228,0.048,0.034,0.103,0.586,TOR,220.0
Miles Kelly,12.0,0.6,-5.1,14.9,0.023,4.0,1.4,11.9,0.484,15.8,23.0,0.833,0.9,0.606,0.0,76.0,134.0,9.6,15.1,PG,0,0,8,0,92,0.091,0.023,0.068,0.068,0.75,DAL,190.0
Mark Sears,12.5,0.0,-2.2,4.3,0.615,4.4,0.0,19.5,0.666,34.9,23.0,0.0,0.75,0.0,0.0,72.0,26.0,3.7,41.6,PG,0,0,100,0,0,0.077,0.154,0.0,0.154,0.615,MIL,185.0
Tyus Jones,20.9,0.3,-2.4,7.2,0.041,1.4,1.8,10.1,0.448,10.7,29.0,0.583,0.8,0.219,0.0,72.0,979.0,14.6,9.8,PG,0,0,100,0,0,0.05,0.092,0.037,0.193,0.628,3TM,196.0
CJ Huntley,7.1,0.0,-4.4,8.6,0.0,5.4,1.2,0.0,0.545,11.7,24.0,1.0,,0.333,0.364,83.0,40.0,10.0,14.8,SF,0,31,0,69,0,0.545,0.0,0.091,0.091,0.273,PHO,230.0
Chris Livingston,8.9,0.0,-2.7,19.3,0.143,0.0,2.8,0.0,0.605,18.4,22.0,0.75,,1.0,0.0,78.0,17.0,5.7,25.4,SF,0,0,0,100,0,0.429,0.0,0.0,0.143,0.429,CLE,220.0
Khaman Maluach,2.0,7.7,-3.7,23.5,0.295,12.8,0.6,17.4,0.586,14.8,19.0,0.627,1.0,0.333,0.248,85.0,411.0,8.9,16.7,C,100,0,0,0,0,0.629,0.019,0.0,0.152,0.2,PHO,250.0
Emanuel Miller,17.4,0.0,2.5,6.4,0.154,3.3,2.8,0.0,0.54,17.5,25.0,1.0,1.0,0.333,0.0,77.0,33.0,6.6,21.3,PF,0,38,0,62,0,0.231,0.0,0.077,0.231,0.462,CHI,215.0
Monte Morris,18.7,1.3,-5.9,10.3,0.2,1.6,0.7,8.4,0.414,15.5,30.0,0.6,1.0,0.375,0.0,74.0,65.0,10.8,13.2,PG,0,0,79,0,22,0.25,0.1,0.05,0.2,0.4,IND,183.0
Julian Phillips,3.1,1.4,-3.6,6.4,0.19,5.8,2.4,7.7,0.534,13.9,22.0,0.677,1.0,0.615,0.182,78.0,428.0,8.9,15.4,SF,0,39,0,52,9,0.314,0.017,0.008,0.124,0.537,2TM,201.0
Kobe Bufkin,11.2,2.3,-9.4,11.4,0.24,1.0,0.8,8.3,0.416,22.1,22.0,0.5,0.8,0.192,0.0,76.0,119.0,7.4,18.9,SG,0,0,36,15,49,0.1,0.04,0.1,0.24,0.52,LAL,195.0
Bronny James,18.1,1.0,-4.3,5.4,0.061,1.6,2.5,17.5,0.517,16.7,21.0,0.56,0.727,0.14,0.061,74.0,375.0,8.9,15.9,SG,0,0,59,0,41,0.104,0.148,0.122,0.13,0.496,LAL,210.0
Curtis Jones,14.7,0.0,-3.5,10.9,0.074,2.7,2.2,6.7,0.52,14.7,24.0,0.8,0.667,0.111,0.0,75.0,88.0,8.8,16.1,SG,0,0,15,8,77,0.037,0.074,0.0,0.222,0.667,DEN,195.0
David Jones García,37.2,1.3,6.4,13.8,0.24,6.5,4.2,15.3,0.579,20.2,24.0,0.1,0.667,0.0,0.04,,68.0,6.2,22.6,SF,0,0,6,13,82,0.52,0.0,0.0,0.28,0.2,SAS,
Chris Paul,30.6,0.0,-4.2,10.9,0.036,3.1,2.4,22.0,0.413,14.2,40.0,0.125,0.5,0.133,0.0,72.0,228.0,14.3,10.3,PG,0,0,100,0,0,0.018,0.232,0.089,0.125,0.536,LAC,175.0
Duop Reath,5.4,2.8,-0.9,11.9,0.081,4.1,0.9,8.4,0.613,13.2,29.0,0.7,0.957,0.4,0.027,81.0,258.0,8.1,17.4,C,51,50,0,0,0,0.176,0.0,0.0,0.081,0.743,POR,245.0
Cam Christie,8.9,0.6,-4.6,13.9,0.36,4.7,1.7,12.0,0.484,16.9,20.0,0.732,1.0,0.265,0.065,77.0,480.0,8.7,16.2,SG,0,0,40,8,52,0.245,0.115,0.007,0.281,0.353,LAC,190.0
Kevon Looney,14.0,3.1,-1.8,24.8,0.167,16.6,1.4,12.3,0.458,9.9,29.0,0.304,1.0,0.077,0.033,81.0,308.0,14.7,9.2,C,69,31,0,0,0,0.533,0.05,0.05,0.15,0.217,NOP,222.0
Norchad Omier,15.2,0.0,6.0,14.2,0.3,19.9,2.1,0.0,0.751,20.9,24.0,0.857,,0.0,0.1,79.0,24.0,4.0,35.2,PF,75,25,0,0,0,0.6,0.1,0.0,0.2,0.1,LAC,248.0
Jae'Sean Tate,8.3,0.7,-3.9,10.8,0.101,9.2,1.2,12.3,0.567,13.5,30.0,0.5,0.9,0.625,0.018,76.0,405.0,8.8,15.9,SF,0,14,1,67,19,0.312,0.083,0.009,0.303,0.294,HOU,230.0
Rocco Zikarsky,7.5,12.0,2.4,35.9,0.5,6.2,0.0,9.3,0.717,12.6,19.0,1.0,,,0.125,87.0,36.0,7.2,18.6,C,100,0,0,0,0,0.5,0.0,0.125,0.375,0.0,MIN,227.0
Christian Koloko,6.4,5.9,-4.7,15.4,0.203,9.3,1.9,16.6,0.453,11.3,25.0,0.833,1.0,0.444,0.311,83.0,357.0,13.2,9.7,C,100,0,0,0,0,0.446,0.108,0.027,0.297,0.122,3TM,225.0
Gary Harris,9.9,1.4,-2.5,7.6,0.087,2.8,2.0,15.0,0.593,8.5,31.0,0.611,1.0,0.544,0.01,76.0,661.0,13.8,9.5,SG,0,0,8,29,63,0.106,0.067,0.029,0.144,0.654,MIL,210.0
Antonio Reeves,6.3,0.0,1.3,9.8,0.0,3.4,0.7,4.8,0.675,13.1,25.0,0.667,1.0,0.462,0.05,77.0,68.0,6.8,19.7,SG,0,0,12,22,66,0.15,0.1,0.0,0.1,0.65,CHO,205.0
Pat Connaughton,8.4,0.3,0.1,17.2,0.235,5.8,1.8,10.5,0.586,14.9,33.0,0.765,1.0,0.346,0.024,77.0,297.0,7.1,18.4,SG,0,4,8,15,74,0.153,0.024,0.0,0.212,0.612,CHO,209.0
Jonathan Isaac,5.6,5.4,-1.6,19.3,0.532,9.1,1.8,11.8,0.498,12.4,28.0,0.641,1.0,0.711,0.248,82.0,521.0,10.0,12.4,PF,21,77,0,3,0,0.404,0.046,0.037,0.165,0.349,ORL,230.0
Mo Bamba,3.0,6.6,-8.0,30.3,0.0,24.1,0.0,15.4,0.455,12.2,27.0,0.8,,,0.273,84.0,44.0,11.0,10.7,C,100,0,0,0,0,0.727,0.182,0.0,0.091,0.0,2TM,231.0
JD Davison,20.7,2.5,-1.1,15.5,0.297,1.5,1.4,8.8,0.477,15.3,23.0,0.375,1.0,0.219,0.0,73.0,218.0,7.8,15.8,PG,0,0,42,0,59,0.078,0.156,0.016,0.25,0.5,HOU,195.0
John Tonje,6.1,0.0,-5.1,15.4,0.286,0.0,2.4,0.0,0.476,16.3,24.0,1.0,1.0,0.2,0.0,76.0,42.0,7.0,18.1,SG,0,0,0,20,80,0.143,0.0,0.0,0.143,0.714,BOS,218.0
Hunter Dickinson,6.3,4.5,-11.4,7.8,0.143,5.1,1.1,16.8,0.403,17.7,25.0,0.8,,0.25,0.0,85.0,42.0,8.4,13.7,C,100,0,0,0,0,0.0,0.143,0.0,0.571,0.286,NOP,255.0
Andre Jackson Jr.,14.0,1.0,-7.1,12.9,0.269,7.0,2.3,18.9,0.425,17.8,24.0,0.625,0.8,0.4,0.134,78.0,408.0,8.5,13.6,SG,0,6,1,58,35,0.252,0.067,0.017,0.16,0.504,MIL,209.0
Chaz Lanier,8.2,0.0,-5.1,6.3,0.067,3.5,1.3,3.2,0.436,15.0,24.0,0.778,0.947,0.269,0.0,75.0,262.0,7.7,14.8,SG,0,0,15,12,74,0.022,0.09,0.112,0.022,0.753,DET,206.0
Kevin McCullar Jr.,17.0,0.0,-2.8,12.3,0.106,7.9,2.9,19.6,0.508,16.9,24.0,0.583,0.75,0.25,0.0,78.0,155.0,7.4,16.0,SF,0,28,0,55,17,0.255,0.021,0.085,0.128,0.511,NYK,210.0
Lachlan Olbrich,15.8,2.0,-3.4,20.4,0.519,14.1,1.6,14.5,0.47,13.4,22.0,0.706,1.0,0.368,0.065,80.0,344.0,9.3,12.1,C,90,10,0,0,0,0.494,0.0,0.013,0.247,0.247,CHI,236.0
Lindy Waters III,8.5,0.3,-3.2,9.5,0.034,1.2,1.0,7.3,0.532,14.2,28.0,0.667,0.926,0.278,0.023,77.0,285.0,7.1,16.0,SG,0,0,13,12,75,0.057,0.011,0.011,0.023,0.898,SAS,210.0
Chris Boucher,4.0,7.5,-3.1,18.3,0.16,2.4,2.7,3.6,0.392,12.8,33.0,0.667,1.0,0.2,0.04,80.0,94.0,10.4,11.3,PF,39,47,0,14,0,0.24,0.0,0.04,0.12,0.6,BOS,200.0
Caleb Houstan,7.4,1.2,0.3,8.8,0.115,7.1,1.3,12.8,0.769,17.4,23.0,1.0,1.0,0.333,0.038,80.0,75.0,4.2,26.4,SF,0,19,0,73,8,0.077,0.0,0.0,0.115,0.808,ATL,205.0
Luke Travers,10.8,3.7,-3.2,16.0,0.25,9.7,3.3,7.0,0.35,17.5,24.0,0.625,1.0,0.25,0.056,78.0,103.0,8.6,13.1,SG,0,0,0,49,51,0.361,0.0,0.028,0.167,0.444,CLE,207.0
Jeff Green,6.2,1.1,-5.6,11.2,0.074,4.5,0.6,5.4,0.477,17.8,39.0,0.538,0.917,0.341,0.015,80.0,175.0,5.8,19.1,PF,41,55,0,4,0,0.118,0.074,0.074,0.088,0.647,HOU,235.0
Yang Hansen,9.8,3.0,-9.5,16.8,0.34,7.1,0.5,21.8,0.413,19.9,20.0,0.615,1.0,0.238,0.1,85.0,300.0,7.0,15.1,C,100,0,0,0,0,0.25,0.06,0.0,0.27,0.42,POR,270.0
Ariel Hukporti,7.3,5.3,-2.3,23.2,0.413,12.5,0.9,25.3,0.619,10.9,23.0,0.864,1.0,0.0,0.238,84.0,498.0,9.2,11.6,C,93,7,0,0,0,0.55,0.05,0.0,0.35,0.05,NYK,246.0
Alijah Martin,10.6,2.6,-4.3,9.4,0.38,6.9,2.7,12.1,0.437,19.5,24.0,0.583,1.0,0.238,0.02,74.0,146.0,6.3,17.0,SG,0,2,32,12,53,0.3,0.12,0.0,0.16,0.42,TOR,210.0
Hunter Tyson,13.0,0.6,-6.8,21.1,0.25,2.9,0.6,8.0,0.398,16.8,25.0,0.714,0.857,0.212,0.038,80.0,162.0,7.7,13.9,PF,5,81,0,14,0,0.135,0.019,0.038,0.173,0.635,DEN,215.0
Chris Youngblood,8.5,1.6,-2.3,11.8,0.159,4.3,1.0,2.9,0.527,16.2,23.0,0.75,1.0,0.259,0.0,76.0,185.0,5.4,18.5,SG,0,10,14,39,36,0.032,0.032,0.016,0.063,0.857,2TM,
Dalano Banton,22.9,8.1,-4.0,5.2,0.333,3.7,1.6,36.8,0.436,15.3,26.0,0.25,,0.0,0.0,80.0,62.0,10.3,9.8,PG,0,0,77,0,23,0.25,0.167,0.0,0.5,0.083,2TM,203.0
Isaiah Crawford,7.0,3.0,-3.0,15.4,0.25,3.7,1.1,13.1,0.526,14.0,24.0,0.714,1.0,0.692,0.083,78.0,92.0,6.6,15.2,SF,2,26,0,68,4,0.292,0.042,0.083,0.042,0.542,HOU,220.0
Trentyn Flowers,30.5,0.0,-1.0,0.0,0.0,17.9,0.0,25.0,0.667,27.8,20.0,0.5,,1.0,0.333,81.0,6.0,3.0,31.2,SF,0,0,0,100,0,0.667,0.0,0.0,0.0,0.333,CHI,185.0
Colby Jones,37.8,0.0,2.4,63.1,0.0,0.0,0.0,0.0,0.333,17.8,23.0,0.0,,1.0,0.0,78.0,7.0,7.0,13.8,SG,0,0,0,100,0,0.0,0.0,0.0,0.333,0.667,DET,207.0
Johnny Juzang,9.7,1.0,-3.3,14.7,0.211,6.4,1.1,10.7,0.518,22.3,24.0,0.2,0.667,0.375,0.0,79.0,88.0,4.2,23.3,SG,0,3,0,58,39,0.105,0.132,0.053,0.079,0.632,MIN,226.0
Jayson Kent,0.0,4.0,4.2,25.0,0.143,0.0,2.2,0.0,0.672,13.8,23.0,0.667,1.0,0.25,0.143,80.0,22.0,4.4,21.7,SF,0,50,0,50,0,0.429,0.0,0.0,0.0,0.571,POR,215.0
Maxi Kleber,7.3,2.2,-3.9,11.8,0.356,9.5,1.9,16.8,0.509,9.6,34.0,1.0,1.0,0.154,0.164,82.0,461.0,10.7,9.1,PF,79,21,0,0,0,0.274,0.096,0.0,0.274,0.356,LAL,240.0
Jordan McLaughlin,17.2,0.6,0.6,9.3,0.089,2.7,3.4,15.5,0.542,14.5,29.0,0.313,0.882,0.425,0.0,71.0,282.0,6.4,15.2,PG,0,0,100,0,0,0.241,0.089,0.013,0.152,0.506,SAS,185.0
Alex Morales,23.1,0.0,-16.0,9.4,0.286,4.6,0.0,33.7,0.508,20.9,28.0,0.0,,0.0,0.0,78.0,24.0,6.0,16.0,PG,0,0,45,0,55,0.286,0.143,0.0,0.429,0.143,ORL,210.0
Sean Pedulla,23.8,0.0,-11.8,11.0,0.0,0.0,0.0,6.3,0.433,22.9,23.0,0.5,1.0,0.2,0.0,73.0,31.0,4.4,20.9,PG,0,0,100,0,0,0.0,0.133,0.067,0.133,0.667,LAC,195.0
Adou Thiero,8.7,1.2,-4.4,14.4,0.71,7.3,2.3,18.1,0.578,14.6,21.0,0.867,1.0,0.0,0.29,79.0,149.0,6.0,15.4,SF,7,36,1,45,11,0.548,0.0,0.0,0.355,0.097,LAL,220.0
Bobi Klintman,10.9,0.0,-8.7,21.8,0.111,8.0,2.0,17.5,0.388,20.1,22.0,0.8,1.0,0.308,0.037,81.0,71.0,5.9,15.0,SF,2,94,0,4,0,0.111,0.0,0.037,0.37,0.481,DET,225.0
Isaiah Livers,7.7,2.2,-2.5,13.9,0.188,5.9,1.9,14.8,0.469,9.9,27.0,0.5,1.0,0.45,0.047,78.0,347.0,9.6,9.3,PF,1,79,0,20,1,0.172,0.031,0.031,0.141,0.625,PHO,232.0
Cody Martin,4.5,3.1,-8.0,26.3,0.6,1.9,3.5,24.0,0.277,12.8,30.0,0.5,,0.4,0.1,78.0,55.0,13.8,6.0,SF,0,4,0,64,32,0.1,0.1,0.0,0.3,0.5,IND,205.0
Orlando Robinson,16.5,0.0,1.4,9.0,0.0,8.8,1.9,0.0,0.7,8.4,25.0,1.0,1.0,0.0,0.0,82.0,25.0,6.3,13.4,C,100,0,0,0,0,0.4,0.0,0.0,0.2,0.4,ORL,235.0
Jahmir Young,21.1,0.0,-6.7,3.6,0.08,3.6,0.8,10.4,0.483,20.3,25.0,0.571,1.0,0.333,0.0,72.0,58.0,4.1,20.0,PG,0,0,100,0,0,0.24,0.2,0.0,0.2,0.36,MIA,185.0
Brooks Barnhizer,7.8,1.4,-3.1,17.7,0.141,6.2,1.5,11.7,0.451,10.6,23.0,0.55,0.857,0.458,0.07,77.0,348.0,8.7,9.4,SG,0,32,0,45,23,0.282,0.169,0.028,0.183,0.338,OKC,230.0
Pacôme Dadiet,11.5,0.8,-3.3,19.0,0.229,3.3,1.1,5.4,0.454,17.6,20.0,0.889,1.0,0.344,0.021,,136.0,4.7,17.5,SG,0,1,9,37,53,0.146,0.063,0.042,0.083,0.667,NYK,
Wendell Moore Jr.,8.0,3.3,-1.3,9.2,0.286,1.9,1.6,11.3,0.635,6.2,24.0,0.5,,1.0,0.143,77.0,60.0,10.0,8.1,SG,0,8,1,66,25,0.286,0.0,0.0,0.571,0.143,DET,215.0
Mason Plumlee,14.7,0.0,0.5,23.0,1.0,11.2,2.8,37.3,0.769,7.9,35.0,0.818,,,0.357,84.0,172.0,8.6,8.9,C,100,0,0,0,0,0.857,0.0,0.0,0.143,0.0,2TM,254.0
Harrison Ingram,5.4,0.0,2.3,0.0,0.0,12.8,0.0,14.3,0.917,11.3,23.0,0.75,1.0,0.0,0.0,77.0,26.0,3.7,20.3,SF,0,8,0,44,48,0.5,0.0,0.0,0.333,0.167,SAS,230.0
Jacob Toppin,8.8,5.3,0.5,6.5,0.0,0.0,0.0,0.0,0.667,14.7,25.0,0.5,,,0.5,81.0,17.0,3.4,22.2,SF,0,8,0,92,0,0.5,0.333,0.0,0.167,0.0,ATL,200.0
Xavier Tillman Sr.,9.3,2.6,-1.8,14.3,0.087,11.8,2.5,14.3,0.461,13.1,27.0,0.706,1.0,0.278,0.022,,183.0,6.1,12.1,C,82,18,0,0,0,0.261,0.043,0.0,0.304,0.391,2TM,
Buddy Boeheim,0.0,0.0,-8.4,0.0,0.0,0.0,0.0,0.0,0.5,17.3,26.0,,1.0,0.667,0.0,77.0,15.0,3.8,19.3,SF,32,14,0,54,0,0.0,0.0,0.0,0.0,1.0,OKC,205.0
Joe Ingles,28.5,1.1,0.2,13.4,0.074,0.0,2.8,33.4,0.735,11.5,38.0,0.778,0.714,0.188,0.0,80.0,153.0,5.7,12.8,SF,0,42,0,53,5,0.222,0.0,0.111,0.074,0.593,MIN,220.0
Jonathan Mogbo,12.9,3.1,-0.7,22.5,0.318,8.6,2.2,21.8,0.608,11.1,24.0,0.731,,1.0,0.182,81.0,249.0,6.2,11.9,PF,48,52,0,0,0,0.545,0.068,0.0,0.364,0.023,TOR,225.0
Thanasis Antetokounmpo,13.6,4.0,-1.7,13.7,0.938,9.2,4.3,18.1,0.52,16.5,33.0,0.667,,0.75,0.219,79.0,148.0,4.4,15.6,SF,5,75,0,20,1,0.469,0.0,0.031,0.375,0.125,MIL,219.0
Amari Williams,8.5,6.9,-2.1,22.8,0.7,6.9,1.0,29.6,0.573,11.1,24.0,0.8,,,0.25,83.0,146.0,6.6,10.4,PF,90,8,0,2,0,0.5,0.05,0.0,0.45,0.0,BOS,250.0
Isaac Jones,3.5,2.8,-8.1,9.2,0.571,6.0,0.0,10.2,0.514,11.3,25.0,0.333,,0.5,0.143,80.0,36.0,5.1,12.1,PF,10,90,0,0,0,0.571,0.0,0.0,0.143,0.286,2TM,245.0
Colin Castleton,6.3,0.0,-7.7,32.2,0.2,10.5,2.3,26.9,0.46,15.0,25.0,0.5,,,0.0,82.0,21.0,5.3,11.4,C,85,15,0,0,0,0.2,0.0,0.0,0.8,0.0,ORL,250.0
Nigel Hayes-Davis,4.6,1.0,-7.3,12.4,0.087,6.6,2.0,14.3,0.356,12.1,31.0,0.385,1.0,0.188,0.0,79.0,195.0,7.2,8.6,SF,2,47,0,29,22,0.087,0.239,0.043,0.283,0.348,PHO,254.0
Dillon Jones,12.3,0.0,-2.6,14.4,0.444,5.7,3.8,0.0,0.418,11.8,24.0,0.0,1.0,0.2,0.0,77.0,39.0,5.6,11.4,SF,0,8,0,73,19,0.222,0.222,0.0,0.0,0.556,NYK,235.0
TyTy Washington Jr.,26.2,3.2,1.9,6.4,0.0,1.4,3.4,13.6,0.553,11.1,24.0,0.5,0.667,0.125,0.053,75.0,88.0,5.5,11.9,PG,0,0,81,0,19,0.158,0.105,0.0,0.316,0.421,LAC,195.0
Javonte Cooke,9.9,0.0,-11.7,17.5,0.049,4.5,3.0,17.7,0.275,22.0,26.0,0.5,0.667,0.217,0.024,78.0,94.0,4.9,11.7,SG,0,0,23,13,64,0.171,0.024,0.0,0.244,0.561,POR,185.0
Kyle Lowry,11.3,1.6,-10.4,8.4,0.24,0.0,0.8,12.6,0.308,11.3,39.0,,1.0,0.08,0.0,72.0,118.0,8.4,7.0,PG,0,0,100,0,0,0.0,0.0,0.0,0.0,1.0,PHI,196.0
Trey Jemison,7.5,2.5,-8.6,13.7,0.1,10.9,0.6,48.9,0.623,10.7,26.0,1.0,,,0.1,,82.0,6.3,7.9,C,78,22,0,0,0,0.1,0.3,0.0,0.6,0.0,NYK,
Trevor Keels,0.0,0.0,-14.5,13.9,0.0,0.0,3.1,0.0,0.333,32.6,22.0,1.0,1.0,0.111,0.0,75.0,15.0,1.9,24.8,SG,0,3,0,19,79,0.083,0.0,0.083,0.083,0.75,MIA,215.0
Hunter Sallis,20.6,3.6,-10.6,4.2,0.4,0.0,0.0,46.0,0.595,17.7,22.0,0.333,,,0.0,76.0,26.0,3.7,13.0,SG,0,0,62,2,36,0.4,0.2,0.0,0.4,0.0,PHI,185.0
Dario Å ariÄ,5.8,0.0,-9.0,14.0,0.333,2.7,0.0,22.5,0.363,9.2,31.0,,1.0,0.667,0.0,,41.0,8.2,5.9,C,5,95,0,0,0,0.333,0.0,0.167,0.0,0.5,SAC,
Stanley Umude,18.8,0.0,0.4,0.0,0.0,0.0,6.9,0.0,0.5,12.0,26.0,1.0,,1.0,0.0,78.0,7.0,3.5,13.7,SG,0,0,0,33,67,0.0,0.0,0.0,0.5,0.5,SAS,210.0
Bismack Biyombo,4.2,1.3,-5.8,15.6,0.467,3.9,1.4,30.7,0.636,7.8,33.0,0.778,,,0.4,80.0,141.0,5.6,7.8,C,49,51,0,0,0,0.667,0.0,0.0,0.333,0.0,SAS,255.0
Johni Broome,9.2,3.4,-16.2,18.1,0.25,13.7,2.6,10.1,0.188,22.8,23.0,0.25,,0.2,0.042,81.0,55.0,5.0,8.8,C,99,2,0,0,0,0.333,0.125,0.0,0.333,0.208,PHI,244.0
N'Faly Dante,0.0,0.0,-4.5,29.4,0.25,21.4,6.3,18.4,0.338,15.1,24.0,1.0,,,0.25,83.0,15.0,3.8,9.4,C,100,0,0,0,0,0.5,0.25,0.0,0.25,0.0,ATL,230.0
Markelle Fultz,26.8,0.0,-16.3,3.2,0.0,0.0,2.7,26.7,0.182,17.9,27.0,0.5,,,0.0,76.0,36.0,7.2,5.4,PG,0,0,100,0,0,0.091,0.364,0.182,0.364,0.0,TOR,209.0
Vladislav Goldin,15.9,11.1,-0.5,26.1,0.25,12.9,0.0,40.3,0.788,12.6,24.0,1.0,,,0.25,84.0,24.0,2.7,13.5,C,100,0,0,0,0,0.75,0.0,0.0,0.25,0.0,MIA,250.0
Chris Mañon,7.8,4.0,0.1,19.7,0.667,5.3,5.3,11.4,0.451,8.3,24.0,0.5,,0.333,0.0,,46.0,5.1,7.4,SG,0,7,12,49,32,0.333,0.0,0.0,0.167,0.5,LAL,
Drew Peterson,3.8,1.4,-9.8,10.4,0.125,5.4,2.3,0.0,0.148,11.2,26.0,0.5,,0.417,0.0,80.0,64.0,10.7,3.9,PF,0,85,0,15,0,0.188,0.0,0.0,0.063,0.75,CHO,205.0
Garrett Temple,14.9,2.6,-4.9,12.5,0.6,1.5,2.7,27.0,0.448,15.3,39.0,0.0,1.0,0.333,0.0,77.0,73.0,3.3,11.4,SG,0,0,41,5,55,0.0,0.067,0.0,0.133,0.8,TOR,195.0
Max Shulga,6.8,0.0,-11.5,9.0,0.25,9.4,1.4,25.3,0.394,14.3,23.0,1.0,1.0,0.0,0.0,76.0,36.0,3.3,9.8,SG,0,0,78,0,22,0.125,0.125,0.125,0.125,0.5,BOS,210.0
Jahmyl Telfort,3.7,0.0,-13.8,10.6,1.0,0.0,1.6,14.8,0.087,9.4,24.0,,,0.5,0.0,79.0,32.0,4.0,1.6,PF,0,0,0,100,0,0.0,0.0,0.0,0.0,1.0,LAC,
Darius Brown II,0.0,0.0,-18.7,36.5,0.0,0.0,0.0,0.0,0.0,14.0,26.0,,,,0.0,74.0,3.0,3.0,0.0,SG,0,0,0,100,0,0.0,0.0,1.0,0.0,0.0,CLE,192.0
Noa Essengue,0.0,0.0,-23.7,0.0,0.0,0.0,7.8,0.0,0.0,20.8,19.0,,,0.5,0.0,80.0,6.0,3.0,0.0,PF,26,74,0,0,0,0.333,0.0,0.0,0.0,0.667,CHI,194.0
Tosan Evbuomwan,0.0,0.0,-11.5,14.0,0.0,13.9,0.0,0.0,0.0,5.4,24.0,,,,0.0,80.0,8.0,1.6,0.0,SF,0,0,0,91,9,0.0,0.0,0.0,1.0,0.0,NYK,217.0
Chucky Hepburn,17.4,0.0,-23.8,8.8,0.0,0.0,3.8,14.3,0.0,23.1,22.0,,,0.0,0.0,72.0,13.0,6.5,0.0,PG,0,0,100,0,0,0.0,0.167,0.0,0.0,0.833,TOR,190.0
