Rank,Player,basic_v1,team,pos,minutes,minutes_per_game,games
1,Gui Santos,0.09345349167631542,GSW,PF,1395.0,20.5,68.0
2,Nique Clifford,0.11118257756892203,SAC,SG,1882.0,25.1,75.0
3,Bruce Brown,0.13892634167989892,DEN,SG,1998.0,24.4,82.0
4,Cody Williams,0.15382969760229076,UTA,SG,1631.0,24.3,67.0
5,Taurean Prince,0.16228729612177162,MIL,SF,611.0,23.5,26.0
6,Kevin Huerter,0.167631262193318,2TM,SF,1549.0,22.4,69.0
7,Jordan Miller,0.16999611124277664,LAC,SF,1325.0,22.1,60.0
8,Jake LaRavia,0.1743180170970018,LAL,PF,2061.0,25.1,82.0
9,Nikola Jović,0.18295457516718105,MIA,PF,808.0,17.2,47.0
10,Adama-Alpha Bal,0.18341380641076951,MEM,SG,241.0,30.1,8.0
11,Aaron Wiggins,0.18712072052884188,OKC,SG,1414.0,21.8,65.0
12,Ousmane Dieng,0.18884506912345306,2TM,C,1099.0,19.3,57.0
13,Tristan Da Silva,0.190135393295652,ORL,SF,1899.0,24.7,77.0
14,Devin Carter,0.19451185761268047,SAC,PG,700.0,18.4,38.0
15,Cason Wallace,0.19615231935287694,OKC,SG,2046.0,26.6,77.0
16,Will Riley,0.20240805664222647,WAS,SF,1633.0,22.1,74.0
17,Gary Payton II,0.2074974464900558,GSW,SG,1142.0,15.6,73.0
18,Kadary Richmond,0.20815207340930453,WAS,SG,67.0,22.3,3.0
19,Sam Hauser,0.21464665189691182,BOS,PF,1934.0,24.8,78.0
20,Harrison Barnes,0.21833267584668517,SAS,PF,1986.0,25.8,77.0
21,Herbert Jones,0.21847248096381428,NOP,SF,1588.0,28.4,56.0
22,Jay Huff,0.23393176546242989,IND,C,1719.0,21.0,82.0
23,Khris Middleton,0.23440481014795095,2TM,SF,1439.0,22.8,63.0
24,Derrick Jones Jr.,0.25563827704552944,LAC,SF,1350.0,27.0,50.0
25,A.J. Green,0.2566735005106019,MIL,SG,2270.0,29.1,78.0
26,Ben Sheppard,0.25982375917210426,IND,SG,1390.0,21.4,65.0
27,Chaney Johnson,0.2654599389109426,BRK,SF,348.0,20.5,17.0
28,Grant Williams,0.2740819656235321,CHO,PF,711.0,19.8,36.0
29,Trendon Watford,0.2759120787247201,PHI,PF,864.0,16.3,53.0
30,Svi Mykhailiuk,0.27833121779306336,UTA,SF,1156.0,23.1,50.0
31,Brook Lopez,0.2789346648525497,LAC,C,1635.0,21.8,75.0
32,Isaac Okoro,0.2793078255917812,CHI,SG,1695.0,26.9,63.0
33,Simone Fontecchio,0.2858266866635973,MIA,SF,1173.0,16.8,70.0
34,Bogdan Bogdanović,0.2898991037444094,LAC,SG,452.0,19.7,23.0
35,Quinten Post,0.2927194817517168,GSW,PF,1159.0,17.3,67.0
36,Cameron Johnson,0.2928533369084854,DEN,SF,1647.0,30.5,54.0
37,Jaden Ivey,0.29437337308983347,2TM,SG,670.0,18.1,37.0
38,Max Christie,0.30327963935932495,DAL,SG,2244.0,29.1,77.0
39,Obi Toppin,0.30341401708848237,IND,PF,424.0,17.7,24.0
40,Luguentz Dort,0.3145750675137301,OKC,SF,1849.0,26.8,69.0
41,Patrick Williams,0.31917257732364246,CHI,PF,1474.0,20.5,72.0
42,Luke Kennard,0.323265370220335,2TM,SG,1681.0,21.6,78.0
43,Jamir Watkins,0.32514321648041533,WAS,SG,1032.0,20.6,50.0
44,Danny Wolf,0.3256780307330869,BRK,PF,1187.0,20.8,57.0
45,Bilal Coulibaly,0.3257832140844741,WAS,SG,1468.0,26.2,56.0
46,Moses Moody,0.3265475699678614,GSW,SG,1540.0,25.7,60.0
47,Jordan Goodwin,0.32747590525046777,PHO,PG,1572.0,22.5,70.0
48,Kentavious Caldwell-Pope,0.3286759309716165,MEM,SG,1088.0,21.3,51.0
49,Mouhamadou Gueye,0.32916126610942936,CHI,PF,45.0,22.5,2.0
50,Alex Caruso,0.33303415484812615,OKC,SG,1020.0,18.2,56.0
51,Ron Holland,0.33318694040095265,DET,SF,1551.0,19.9,78.0
52,De'Anthony Melton,0.334253840626694,GSW,PG,1125.0,23.0,49.0
53,Marcus Smart,0.3376689355708826,LAL,SG,1769.0,28.5,62.0
54,Jalen Slawson,0.33768025781224237,IND,SF,311.0,23.9,13.0
55,Tre Johnson,0.3392259025777281,WAS,SG,1443.0,24.1,60.0
56,Daeqwon Plowden,0.3418397404032059,SAC,SG,844.0,26.4,32.0
57,Terance Mann,0.34225183683803595,BRK,SG,1529.0,24.3,63.0
58,Zaccharie Risacher,0.34372063363237215,ATL,SF,1503.0,22.4,67.0
59,Sion James,0.34410960940798596,CHO,SG,1843.0,22.5,82.0
60,Kenrich Williams,0.3470341102177393,OKC,PF,855.0,15.3,56.0
61,Duncan Robinson,0.3510080984118055,DET,SG,2113.0,27.4,77.0
62,Caleb Love,0.3542081368210975,POR,SG,1013.0,20.7,49.0
63,Royce O'Neale,0.3545326860020063,PHO,SF,2213.0,28.4,78.0
64,Noah Clowney,0.3578658362865325,BRK,PF,1780.0,27.0,66.0
65,Corey Kispert,0.3608922030698847,2TM,SF,1080.0,18.6,58.0
66,Jahmai Mashack,0.36121787395369526,MEM,SG,673.0,21.7,31.0
67,Jaylen Wells,0.3623248582660501,MEM,SG,1821.0,26.4,69.0
68,Collin Murray-Boyles,0.3625519032460607,TOR,PF,1246.0,21.9,57.0
69,Kyle Anderson,0.36355731519837375,3TM,SF,853.0,19.8,43.0
70,Al Horford,0.3648120304189925,GSW,C,969.0,21.5,45.0
71,Tristan Vukcevic,0.36653464592655915,WAS,C,671.0,13.7,49.0
72,Toby Okani,0.3777976883941289,MEM,SG,217.0,36.2,6.0
73,Olivier-Maxence Prosper,0.3777976883941289,MEM,PF,984.0,18.6,53.0
74,Sandro Mamukelashvili,0.3815219763172196,TOR,C,1751.0,21.9,80.0
75,Vít Krejčí,0.3823231257541536,2TM,PG,1392.0,21.4,65.0
76,Malachi Smith,0.3848319527265842,BRK,SG,359.0,23.9,15.0
77,Kris Murray,0.38755999858824813,POR,SF,1333.0,23.4,57.0
78,Kasparas Jakučionis,0.38988147864090356,MIA,PG,945.0,17.8,53.0
79,Baylor Scheierman,0.39163232813307586,BOS,SG,1429.0,18.6,77.0
80,Tyrese Martin,0.39791305364508545,2TM,SG,777.0,16.9,46.0
81,Kobe Sanders,0.3981839778015727,LAC,SG,1351.0,19.9,68.0
82,Dean Wade,0.3985372424052338,CLE,PF,1318.0,22.3,59.0
83,Ryan Dunn,0.3985372424052338,PHO,SF,1355.0,19.4,70.0
84,Paul Reed,0.3988221712320734,DET,C,901.0,13.9,65.0
85,Quenton Jackson,0.39931058335483044,IND,PG,897.0,18.3,49.0
86,Egor Dëmin,0.3994846544544405,BRK,PG,1308.0,25.2,52.0
87,Luka Garza,0.40241767565772757,BOS,C,1118.0,16.2,69.0
88,Ethan Thompson,0.4074886718387261,IND,SG,653.0,20.4,32.0
89,GG Jackson II,0.407517663166761,MEM,PF,1178.0,21.4,55.0
90,Micah Potter,0.4090587004181224,IND,C,908.0,19.3,47.0
91,Miles McBride,0.4155750719049494,NYK,SG,1080.0,26.3,41.0
92,Ja'Kobe Walter,0.41688619350491096,TOR,SG,1474.0,20.5,72.0
93,Sam Merrill,0.417297386348802,CLE,SG,1377.0,26.5,52.0
94,Isaiah Joe,0.41955311731343997,OKC,SG,1507.0,21.2,71.0
95,Buddy Hield,0.4207343373449041,2TM,SG,819.0,16.1,51.0
96,Tyler Burton,0.4263452636380524,MEM,SF,307.0,25.6,12.0
97,Leonard Miller,0.4274347170706851,2TM,SF,719.0,15.6,46.0
98,Bryce McGowens,0.430414046180554,NOP,SG,880.0,21.0,42.0
99,Kobe Brown,0.4327170609211677,2TM,PF,963.0,15.8,61.0
100,Taylor Hendricks,0.433179105740981,2TM,PF,1118.0,18.9,59.0
101,De'Andre Hunter,0.43324183580753245,2TM,SF,1176.0,26.1,45.0
102,Christian Braun,0.43428581852963394,DEN,SG,1399.0,31.8,44.0
103,Tre Scott,0.4358659364284477,BRK,PF,182.0,30.3,6.0
104,Anthony Gill,0.4414658250152287,WAS,PF,951.0,17.3,55.0
105,Josh Minott,0.44229039269715914,2TM,PF,834.0,17.0,49.0
106,Dru Smith,0.44337249984940197,MIA,SG,1141.0,16.3,70.0
107,Cameron Payne,0.4457239046343849,PHI,PG,374.0,17.0,22.0
108,Leaky Black,0.4468380739568958,WAS,SF,433.0,28.9,15.0
109,Oso Ighodaro,0.4472913134869262,PHO,PF,1808.0,22.0,82.0
110,Dominick Barlow,0.4473957975431977,PHI,PF,1689.0,23.8,71.0
111,Jaxson Hayes,0.44749256960743644,LAL,C,1207.0,18.3,66.0
112,Jarace Walker,0.44923969006475817,IND,PF,1953.0,25.7,76.0
113,Kyle Kuzma,0.4524017571455886,MIL,PF,1806.0,26.2,69.0
114,Aaron Nesmith,0.45402857128912694,IND,SF,1335.0,29.7,45.0
115,Pelle Larsson,0.45494066230727154,MIA,SG,1849.0,26.4,70.0
116,Ziaire Williams,0.4550874111057375,BRK,SF,1281.0,22.9,56.0
117,Will Richard,0.4554971498541801,GSW,SG,1377.0,20.0,69.0
118,Devin Vassell,0.4566151305262577,SAS,SG,2044.0,30.5,67.0
119,Caris LeVert,0.4574712099346701,DET,SG,1154.0,19.2,60.0
120,David Roddy,0.4583222224516835,DEN,PF,73.0,14.6,5.0
121,Ace Bailey,0.4607177127834629,UTA,SF,1988.0,27.6,72.0
122,DeJon Jarreau,0.46239498374754384,MEM,SG,231.0,21.0,11.0
123,John Konchar,0.4660188239659842,2TM,SG,1115.0,19.9,56.0
124,Bones Hyland,0.4664573046589662,MIN,PG,1177.0,16.6,71.0
125,Rob Dillingham,0.4677659612068464,2TM,PG,970.0,14.9,65.0
126,Sharife Cooper,0.4679108482199732,WAS,PG,700.0,17.1,41.0
127,Jalen Pickett,0.480185123257021,DEN,SG,807.0,16.1,50.0
128,Jared McCain,0.48136586792485503,2TM,SG,1160.0,17.3,67.0
129,Jonas Valančiūnas,0.48387186598880905,DEN,C,871.0,13.4,65.0
130,Lucas Williamson,0.4843901592943387,MEM,SG,224.0,32.0,7.0
131,Max Strus,0.4862615897153616,CLE,SF,288.0,24.0,12.0
132,Rui Hachimura,0.4881619794058055,LAL,PF,1927.0,28.3,68.0
133,Moritz Wagner,0.4890064433205717,ORL,C,427.0,11.9,36.0
134,Isaiah Stewart,0.4911393146534803,DET,C,1317.0,22.7,58.0
135,Klay Thompson,0.4935562490682465,DAL,SF,1497.0,21.7,69.0
136,Landry Shamet,0.499984510922431,NYK,SG,1171.0,23.0,51.0
137,Cam Whitmore,0.5045818261431785,WAS,SF,354.0,16.9,21.0
138,Kris Dunn,0.5051763746712291,LAC,PG,2230.0,27.2,82.0
139,Elijah Harkless,0.5069887452679797,UTA,SG,545.0,21.0,26.0
140,MarJon Beauchamp,0.5086451988333409,PHI,SF,196.0,14.0,14.0
141,Blake Hinson,0.5098065407316446,UTA,SF,285.0,20.4,14.0
142,Jaylin Williams,0.5109706660588387,OKC,PF,1277.0,19.6,65.0
143,Jose Alvarado,0.5113640217334695,2TM,PG,1370.0,19.9,69.0
144,Guerschon Yabusele,0.515481796934373,2TM,C,1007.0,15.0,67.0
145,Johnny Furphy,0.5182106461159792,IND,SG,643.0,18.4,35.0
146,Jordan Clarkson,0.5185996890641763,NYK,SG,1279.0,17.8,72.0
147,Javon Small,0.5196720546867262,MEM,PG,830.0,20.2,41.0
148,Rayan Rupert,0.5199374418997759,2TM,SG,1072.0,16.8,64.0
149,Tim Hardaway Jr.,0.5203245681097997,DEN,SG,2127.0,26.6,80.0
150,Jaylon Tyson,0.5234027803805352,CLE,SG,1777.0,26.9,66.0
151,Nate Williams,0.5295303251768613,GSW,SG,239.0,17.1,14.0
152,Goga Bitadze,0.5320410027187604,ORL,C,972.0,15.2,64.0
153,Myles Turner,0.5325226285615972,MIL,C,1912.0,26.9,71.0
154,Karlo Matković,0.5361299210088971,NOP,PF,912.0,14.7,62.0
155,Quentin Grimes,0.5364408167646398,PHI,SG,2206.0,29.4,75.0
156,John Poulakidas,0.5375574437861125,DAL,SG,253.0,19.5,13.0
157,Brice Sensabaugh,0.5392599989136901,UTA,SF,1762.0,23.5,75.0
158,Zach Collins,0.540487496037771,CHI,C,184.0,18.4,10.0
159,Tobias Harris,0.5419200366774491,DET,PF,1746.0,27.7,63.0
160,Sidy Cissoko,0.5420921198090511,POR,SF,1435.0,19.1,75.0
161,Anfernee Simons,0.5429203702797563,2TM,SG,1372.0,24.9,55.0
162,Ben Saraf,0.5436068129261913,BRK,SG,916.0,20.8,44.0
163,Javonte Green,0.5444442256027187,DET,SG,1446.0,17.6,82.0
164,Julian Strawther,0.5445649538985698,DEN,SG,861.0,15.1,57.0
165,Craig Porter Jr.,0.544918865098131,CLE,PG,1148.0,17.9,64.0
166,Pete Nance,0.5472175726926113,MIL,PF,737.0,15.7,47.0
167,Toumani Camara,0.5482317788332245,POR,PF,2731.0,33.3,82.0
168,Jamaree Bouyea,0.5500433823119775,PHO,PG,644.0,14.0,46.0
169,Spencer Jones,0.550521688551658,DEN,SF,1417.0,22.1,64.0
170,E.J. Liddell,0.5537345553737884,BRK,PF,349.0,13.4,26.0
171,Jevon Carter,0.554552357909949,2TM,PG,867.0,16.4,53.0
172,Drake Powell,0.5547839581981211,BRK,SG,1320.0,21.0,63.0
173,Cormac Ryan,0.5552647040826612,MIL,SG,271.0,24.6,11.0
174,Pat Spencer,0.5555458005010893,GSW,PG,1229.0,18.6,66.0
175,Jock Landale,0.5559922205752068,2TM,C,1506.0,22.1,68.0
176,Nae'Qwan Tomlin,0.5559957658966628,CLE,PF,1004.0,15.7,64.0
177,Tidjane Salaün,0.5567854622893272,CHO,PF,575.0,15.5,37.0
178,Jarred Vanderbilt,0.5576983987721772,LAL,PF,1128.0,17.4,65.0
179,Cole Anthony,0.5595070574079871,MIL,PG,527.0,15.1,35.0
180,Jordan Walsh,0.5611950045804941,BOS,PF,1212.0,17.8,68.0
181,Jaden McDaniels,0.5629132179930347,MIN,PF,2316.0,31.7,73.0
182,Thomas Bryant,0.5679779986259046,CLE,C,732.0,12.2,60.0
183,Jonathan Kuminga,0.5701590909960119,2TM,PF,830.0,23.1,36.0
184,Branden Carlson,0.574982157366146,OKC,C,488.0,11.6,42.0
185,Noah Penda,0.5807683532678714,ORL,SF,757.0,12.8,59.0
186,Malik Monk,0.5828619660003213,SAC,SG,1364.0,22.0,62.0
187,Justin Champagnie,0.5840859708894762,WAS,SF,1377.0,20.0,69.0
188,KJ Simpson,0.5848176762293421,2TM,PG,257.0,12.9,20.0
189,Mouhamed Gueye,0.5892584903254569,ATL,PF,1179.0,15.3,77.0
190,Reed Sheppard,0.5900647798068256,HOU,SG,2147.0,26.2,82.0
191,Peyton Watson,0.5902783654414795,DEN,SF,1598.0,29.6,54.0
192,Skal Labissière,0.5921522981588467,WAS,PF,38.0,12.7,3.0
193,Kelly Oubre Jr.,0.59411728699722,PHI,SF,1574.0,31.5,50.0
194,Tre Mann,0.5957448167480343,CHO,PG,669.0,12.6,53.0
195,Caleb Martin,0.5961125247855694,DAL,SF,856.0,14.8,58.0
196,Jalen Wilson,0.5972879085726333,BRK,PF,859.0,15.9,54.0
197,Keon Ellis,0.597720628876779,2TM,SG,1478.0,20.5,72.0
198,Kevin Love,0.5997204504527086,UTA,PF,613.0,16.6,37.0
199,Ausar Thompson,0.6098610066016431,DET,SF,1896.0,26.0,73.0
200,Julian Champagnie,0.6098813866379047,SAS,SF,2266.0,27.6,82.0
201,Olivier Sarr,0.6114873319768427,CLE,C,39.0,9.8,4.0
202,Dereck Lively II,0.615222014158018,DAL,C,115.0,16.4,7.0
203,Donte DiVincenzo,0.6159686364772998,MIN,SG,2494.0,30.4,82.0
204,LJ Cryer,0.6178591584595906,GSW,PG,292.0,16.2,18.0
205,Dylan Harper,0.6182288658819551,SAS,SG,1558.0,22.6,69.0
206,Jeremiah Fears,0.6189952413749944,NOP,PG,2112.0,25.8,82.0
207,Ajay Mitchell,0.6235590590759259,OKC,SG,1473.0,25.8,57.0
208,Isaiah Jackson,0.6242636448084301,2TM,C,908.0,16.5,55.0
209,Cam Thomas,0.6252538251003742,2TM,SG,881.0,21.0,42.0
210,Keldon Johnson,0.6259783917393288,SAS,SF,1911.0,23.3,82.0
211,Jordan Poole,0.6284643310117085,NOP,PG,933.0,23.9,39.0
212,Jericho Sims,0.6287755703219228,MIL,C,1318.0,19.7,67.0
213,Josh Okogie,0.6307304598994428,HOU,SG,1354.0,17.4,78.0
214,Jaden Hardy,0.6315320639702119,2TM,SG,898.0,15.8,57.0
215,Omer Yurtseven,0.6338919497709463,GSW,C,104.0,11.6,9.0
216,Killian Hayes,0.6339431049293611,SAC,PG,406.0,17.7,23.0
217,Matisse Thybulle,0.6367162512312626,POR,SG,480.0,16.0,30.0
218,Tyson Etienne,0.6373900486676584,BRK,PG,380.0,15.8,24.0
219,Tolu Smith,0.6408546625383543,DET,PF,137.0,9.1,15.0
220,Dwight Powell,0.6414827160393315,DAL,C,904.0,14.3,63.0
221,Bez Mbeng,0.6423834523636858,UTA,SG,492.0,32.8,15.0
222,Charles Bassey,0.6443248086603727,4TM,C,153.0,11.8,13.0
223,Justin Edwards,0.6468206949692987,PHI,SF,977.0,15.3,64.0
224,Daniss Jenkins,0.6500176375590229,DET,PG,1455.0,20.2,72.0
225,Ochai Agbaji,0.6504145843886454,2TM,SG,973.0,15.7,62.0
226,Haywood Highsmith,0.6508296221334897,PHO,SF,91.0,13.0,7.0
227,Larry Nance Jr.,0.6542264429813376,CLE,PF,449.0,12.8,35.0
228,Ryan Kalkbrenner,0.6565804886501577,CHO,C,1479.0,21.4,69.0
229,Drew Eubanks,0.6566131389528818,SAC,C,552.0,13.1,42.0
230,Colby Jones,0.6581463781889128,DET,SG,7.0,7.0,1.0
231,Myron Gardner,0.6610991324406497,MIA,SF,411.0,9.1,45.0
232,Andrew Wiggins,0.6648919843551759,MIA,SF,2063.0,30.3,68.0
233,Luke Kornet,0.6692877491096607,SAS,C,1430.0,21.0,68.0
234,Nicolas Batum,0.6712572637155204,LAC,PF,1295.0,17.5,74.0
235,Mike Conley,0.6725664933537626,MIN,PG,991.0,18.4,54.0
236,RayJ Dennis,0.6739658730008922,3TM,PG,206.0,12.1,17.0
237,Tyler Kolek,0.6752509922001915,NYK,PG,727.0,11.7,62.0
238,Marvin Bagley III,0.675477835969923,2TM,PF,1201.0,20.0,60.0
239,Jeremiah Robinson-Earl,0.6809920669571633,2TM,PF,361.0,16.4,22.0
240,PJ Hall,0.6828431091168887,2TM,C,214.0,11.3,19.0
241,Liam McNeeley,0.6831248665984728,CHO,SF,368.0,11.9,31.0
242,D'Angelo Russell,0.6848842341078553,DAL,PG,495.0,19.0,26.0
243,Adem Bona,0.6849611597190198,PHI,C,1234.0,17.4,71.0
244,Yves Missi,0.6856901288979682,NOP,C,1297.0,19.7,66.0
245,Gradey Dick,0.6860163757107565,TOR,SG,1067.0,14.0,76.0
246,Vince Williams Jr.,0.6864771722605864,2TM,SG,820.0,20.5,40.0
247,Brandon Williams,0.6871680662975622,DAL,PG,1463.0,22.2,66.0
248,Dariq Whitehead,0.6873076958128814,MEM,SF,183.0,30.5,6.0
249,Blake Wesley,0.6878245390777965,POR,SG,361.0,11.6,31.0
250,Tyrese Proctor,0.6886166439085288,CLE,PG,545.0,10.9,50.0
251,John Collins,0.6907532040067932,LAC,PF,1872.0,27.1,69.0
252,Nolan Traoré,0.6927573012038727,BRK,PG,1243.0,22.2,56.0
253,Mikal Bridges,0.6942651268037628,NYK,SF,2692.0,32.8,82.0
254,Keegan Murray,0.6960451051689323,SAC,PF,793.0,34.5,23.0
255,Jamal Cain,0.6963591467967575,ORL,SF,486.0,12.2,40.0
256,Ayo Dosunmu,0.6966565491906903,2TM,SG,1881.0,27.3,69.0
257,Yuki Kawamura,0.697201052907606,CHI,PG,209.0,11.6,18.0
258,Dorian Finney-Smith,0.6992325208378216,HOU,PF,620.0,16.8,37.0
259,Carter Bryant,0.7000965146802154,SAS,PF,818.0,11.5,71.0
260,Asa Newell,0.7020801794569537,ATL,PF,500.0,11.4,44.0
261,Dalen Terry,0.7030388738392829,2TM,SG,551.0,11.5,48.0
262,Jabari Walker,0.7044504179908422,PHI,PF,762.0,11.9,64.0
263,Bradley Beal,0.7045481183291288,LAC,SG,121.0,20.2,6.0
264,Jeremy Sochan,0.706725931076289,2TM,PF,469.0,10.7,44.0
265,Micah Peavy,0.7080622447058422,NOP,SG,913.0,15.0,61.0
266,Lonzo Ball,0.7099094613143542,CLE,PG,728.0,20.8,35.0
267,Tari Eason,0.7107572510140262,HOU,PF,1549.0,25.8,60.0
268,Gary Trent Jr.,0.7110068390833176,MIL,SG,1377.0,21.2,65.0
269,Lachlan Olbrich,0.7133782686144495,CHI,C,344.0,9.3,37.0
270,Scoot Henderson,0.7136557699049915,POR,PG,748.0,24.9,30.0
271,Hugo González,0.7167806644653423,BOS,SF,1084.0,14.6,74.0
272,Seth Curry,0.7173676601579542,GSW,SG,133.0,13.3,10.0
273,Naji Marshall,0.7178797475449517,DAL,SF,2184.0,29.5,74.0
274,Clint Capela,0.7182729000541664,HOU,C,926.0,12.3,75.0
275,Tyler Smith,0.7194252271646961,DAL,PF,166.0,13.8,12.0
276,Brandon Clarke,0.7217395087462783,MEM,PF,20.0,10.0,2.0
277,Walter Clayton,0.7261381557338897,2TM,PG,1410.0,20.4,69.0
278,Taelon Peter,0.7276056741236582,IND,SG,492.0,12.9,38.0
279,Grant Nelson,0.7281489877490157,BRK,PF,35.0,8.8,4.0
280,Cedric Coward,0.7296628459434565,MEM,SG,1598.0,25.8,62.0
281,Marcus Sasser,0.7308347319006355,DET,PG,457.0,12.0,38.0
282,Jett Howard,0.7321107711762849,ORL,SF,695.0,12.6,55.0
283,Anthony Black,0.7325183379439765,ORL,PG,1910.0,29.8,64.0
284,Trayce Jackson-Davis,0.7326079188414482,2TM,C,496.0,9.4,53.0
285,Tony Bradley,0.7330855993603502,2TM,C,450.0,11.0,41.0
286,Jordan Hawkins,0.7334356864509858,NOP,SG,692.0,13.6,51.0
287,Kam Jones,0.7351063027917902,IND,SG,616.0,16.6,37.0
288,Zeke Nnaji,0.7426940593014122,DEN,PF,626.0,12.0,52.0
289,Patrick Baldwin Jr.,0.7426940593014122,3TM,SF,102.0,11.3,9.0
290,Payton Sandfort,0.7428843392492929,OKC,SF,63.0,15.8,4.0
291,Alondes Williams,0.7429179663989084,WAS,SG,101.0,25.3,4.0
292,Collin Sexton,0.7478471697640557,2TM,SG,1614.0,23.7,68.0
293,Tristen Newton,0.752846233980194,HOU,SG,12.0,12.0,1.0
294,Taj Gibson,0.7536091123374239,MEM,C,97.0,9.7,10.0
295,Brandin Podziemski,0.7549598020337804,GSW,SG,2333.0,28.5,82.0
296,Josh Green,0.7578160271753327,CHO,SG,908.0,15.7,58.0
297,Malevy Leons,0.7589012756654353,GSW,SF,276.0,11.0,25.0
298,Kelly Olynyk,0.7591733353012687,SAS,C,360.0,8.6,42.0
299,Yanic Konan Niederhäuser,0.7594594684382718,LAC,C,424.0,10.3,41.0
300,Naz Reid,0.7597389496761924,MIN,C,2007.0,26.1,77.0
301,DaQuan Jeffries,0.7615979732934794,SAC,SG,60.0,20.0,3.0
302,Christian Koloko,0.7617814036221818,3TM,C,357.0,13.2,27.0
303,Keshon Gilbert,0.7652778177444576,2TM,SG,74.0,18.5,4.0
304,Nick Richards,0.7661764535053844,2TM,C,701.0,14.6,48.0
305,Day'Ron Sharpe,0.769953006116364,BRK,C,1160.0,18.7,62.0
306,Malaki Branham,0.7724404549209198,WAS,SG,275.0,9.8,28.0
307,Doug McDermott,0.7757099023368719,SAC,SF,439.0,15.1,29.0
308,Ron Harper Jr.,0.7775054023394407,BOS,SF,318.0,11.0,29.0
309,Trey Alexander,0.7800073141251673,NOP,SG,111.0,12.3,9.0
310,Kevon Looney,0.7804060995524442,NOP,C,308.0,14.7,21.0
311,James Wiseman,0.7883553093768316,IND,C,58.0,14.5,4.0
312,OG Anunoby,0.7909952075640396,NYK,PF,2224.0,33.2,67.0
313,Aaron Holiday,0.791770577795726,HOU,PG,781.0,13.7,57.0
314,Enrique Freeman,0.7965752728963429,MIN,PF,37.0,9.3,4.0
315,Tristan Enaruna,0.7975705848457647,CLE,SF,85.0,9.4,9.0
316,Terrence Shannon Jr.,0.7988227954428774,MIN,SG,538.0,12.5,43.0
317,Kristaps Porziņģis,0.7991768556249408,2TM,C,769.0,24.0,32.0
318,Jase Richardson,0.8017370064805477,ORL,SG,587.0,10.9,54.0
319,Gabe Vincent,0.8042831393716573,2TM,PG,879.0,16.6,53.0
320,Keaton Wallace,0.8048374720707734,ATL,PG,536.0,10.1,53.0
321,Rasheer Fleming,0.8050391899779845,PHO,PF,673.0,12.2,55.0
322,Mason Plumlee,0.8076606870000704,2TM,C,172.0,8.6,20.0
323,Bub Carrington,0.8080278398953901,WAS,PG,2271.0,27.7,82.0
324,Precious Achiuwa,0.808371394260304,SAC,C,1745.0,23.9,73.0
325,Chris Paul,0.8084404711552231,LAC,PG,228.0,14.3,16.0
326,Jalen Green,0.8112567345603149,PHO,SG,828.0,25.9,32.0
327,Jaylen Clark,0.8119582495479601,MIN,SG,888.0,13.1,68.0
328,Oscar Tshiebwe,0.8120371635910797,UTA,C,448.0,16.6,27.0
329,Mac McClung,0.8206582842415485,2TM,SG,135.0,12.3,11.0
330,Nick Smith Jr.,0.8226018395697424,LAL,SG,375.0,12.5,30.0
331,Miles Kelly,0.8227530793829816,DAL,PG,134.0,9.6,14.0
332,Bobby Portis,0.8251219605876311,MIL,PF,1619.0,24.2,67.0
333,Joan Beringer,0.8254047852907885,MIN,PF,314.0,7.9,40.0
334,Rocco Zikarsky,0.8283784480676456,MIN,C,36.0,7.2,5.0
335,Jalen Smith,0.8308628012082692,CHI,C,1095.0,20.7,53.0
336,Tyus Jones,0.8312031627943054,3TM,PG,979.0,14.6,67.0
337,David Jones García,0.8339707452556542,SAS,SF,68.0,6.2,11.0
338,Monte Morris,0.8352907907703038,IND,PG,65.0,10.8,6.0
339,Ariel Hukporti,0.8411430407767839,NYK,C,498.0,9.2,54.0
340,Matas Buzelis,0.8465457547862155,CHI,PF,2248.0,29.2,77.0
341,Garrison Mathews,0.8479029265811798,IND,SG,196.0,13.1,15.0
342,Keshad Johnson,0.8484329452110472,MIA,SF,280.0,8.8,32.0
343,Zyon Pullin,0.849054513545173,MIN,SG,43.0,8.6,5.0
344,Luke Travers,0.8519702817163641,CLE,SG,103.0,8.6,12.0
345,Cody Martin,0.8525159357014428,IND,SF,55.0,13.8,4.0
346,Jakob Poeltl,0.8537291486050056,TOR,C,1149.0,25.0,46.0
347,Mohamed Diawara,0.8544461938593845,NYK,SF,634.0,9.2,69.0
348,Jerami Grant,0.855719353572493,POR,PF,1695.0,29.7,57.0
349,Aaron Gordon,0.858657684246709,DEN,PF,1005.0,27.9,36.0
350,Jonathan Isaac,0.8609575285285919,ORL,PF,521.0,10.0,52.0
351,A.J. Lawson,0.8653654975365866,TOR,SG,226.0,9.4,24.0
352,Grayson Allen,0.8660822218677322,PHO,SG,1467.0,28.8,51.0
353,Collin Gillespie,0.8663805800997438,PHO,PG,2282.0,28.5,80.0
354,Gary Harris,0.8780787444941993,MIL,SG,661.0,13.8,48.0
355,Khaman Maluach,0.8806481476852857,PHO,C,411.0,8.9,46.0
356,Drew Timme,0.8813989085187389,LAL,PF,235.0,8.7,27.0
357,Daniel Gafford,0.8837712178561666,DAL,C,1195.0,21.7,55.0
358,JD Davison,0.8839420205558969,HOU,PG,218.0,7.8,28.0
359,DaRon Holmes,0.883952495822235,DEN,PF,210.0,8.4,25.0
360,AJ Johnson,0.8893227672697134,2TM,SG,454.0,9.5,48.0
361,Bennedict Mathurin,0.889895608003557,2TM,SF,1620.0,30.0,54.0
362,DeAndre Jordan,0.8913021110975382,NOP,C,199.0,16.6,12.0
363,Andre Jackson Jr.,0.8936006553794403,MIL,SG,408.0,8.5,48.0
364,Hunter Tyson,0.8944734811468975,DEN,PF,162.0,7.7,21.0
365,Dalton Knecht,0.8985170383945922,LAL,SF,553.0,10.2,54.0
366,Maxi Kleber,0.9059206428793033,LAL,PF,461.0,10.7,43.0
367,Isaiah Stevens,0.9083483323878536,SAC,PG,43.0,14.3,3.0
368,Kevin McCullar Jr.,0.9090686870965963,NYK,SF,155.0,7.4,21.0
369,Curtis Jones,0.9114083249378337,DEN,SG,88.0,8.8,10.0
370,Nikola Topić,0.9124337439583569,OKC,PG,160.0,16.0,10.0
371,Scotty Pippen Jr.,0.9168685159312151,MEM,PG,212.0,21.2,10.0
372,Santi Aldama,0.9170155728353102,MEM,PF,1198.0,27.9,43.0
373,Moussa Cisse,0.9187908029727025,DAL,C,530.0,13.9,38.0
374,Jae'Sean Tate,0.9227897481655101,HOU,SF,405.0,8.8,46.0
375,Kyle Filipowski,0.9249430070113205,UTA,C,1801.0,23.4,77.0
376,Brooks Barnhizer,0.9255672249597943,OKC,SG,348.0,8.7,40.0
377,Saddiq Bey,0.9266724239407038,NOP,SF,2246.0,31.2,72.0
378,Dennis Schröder,0.9295997859289541,2TM,PG,1697.0,24.2,70.0
379,Zach LaVine,0.9312271880591937,SAC,SG,1224.0,31.4,39.0
380,Cam Christie,0.9320081020094935,LAC,SG,480.0,8.7,55.0
381,Jamison Battle,0.938597276576763,TOR,SF,517.0,8.5,61.0
382,Amir Coffey,0.9399235184973128,2TM,SG,490.0,10.7,46.0
383,Chris Boucher,0.9446537080979541,BOS,PF,94.0,10.4,9.0
384,Robert Williams,0.9451361633875115,POR,C,1008.0,17.1,59.0
385,Dalano Banton,0.9492600056805888,2TM,PG,62.0,10.3,6.0
386,Isaiah Livers,0.952579763991151,PHO,PF,347.0,9.6,36.0
387,CJ Huntley,0.953109430526676,PHO,SF,40.0,10.0,4.0
388,Coby White,0.9592782810787647,2TM,SG,1249.0,25.0,50.0
389,Koby Brea,0.962652817947173,PHO,SG,84.0,7.0,12.0
390,P.J. Washington,0.9633928148422205,DAL,PF,1736.0,31.0,56.0
391,Miles Bridges,0.9656001913722457,CHO,PF,2387.0,31.0,77.0
392,Pat Connaughton,0.9657790414413391,CHO,SG,297.0,7.1,42.0
393,Mo Bamba,0.9702873961285996,2TM,C,44.0,11.0,4.0
394,Yang Hansen,0.9704124708290709,POR,C,300.0,7.0,43.0
395,Wendell Carter Jr.,0.970477807847261,ORL,C,2288.0,29.3,78.0
396,Jonathan Mogbo,0.9717898238408044,TOR,PF,249.0,6.2,40.0
397,Paul George,0.9720223812680854,PHI,PF,1135.0,30.7,37.0
398,Bobi Klintman,0.9818842455585545,DET,SF,71.0,5.9,12.0
399,Amari Williams,0.9839487381324371,BOS,PF,146.0,6.6,22.0
400,Nic Claxton,0.9864429272464144,BRK,C,1920.0,27.8,69.0
401,Riley Minix,0.9891018269021965,2TM,SF,58.0,6.4,9.0
402,Kyshawn George,0.9908658938574807,WAS,SF,1391.0,29.0,48.0
403,Bronny James,0.9945391230535828,LAL,SG,375.0,8.9,42.0
404,Hayden Gray,0.9974191458765505,UTA,SG,25.0,25.0,1.0
405,Lawson Lovering,1.0052944248562072,MEM,C,49.0,24.5,2.0
406,Dillon Brooks,1.0064411181324446,PHO,SF,1702.0,30.4,56.0
407,Colin Castleton,1.0065450143095669,ORL,C,21.0,5.3,4.0
408,Duop Reath,1.0098087711919652,POR,C,258.0,8.1,32.0
409,Alex Morales,1.0125837690576598,ORL,PG,24.0,6.0,4.0
410,Norchad Omier,1.0149219754415775,LAC,PF,24.0,4.0,6.0
411,T.J. McConnell,1.0151407163645045,IND,PG,963.0,17.2,56.0
412,Jabari Smith Jr.,1.0171802752807517,HOU,PF,2705.0,35.1,77.0
413,Orlando Robinson,1.0179346934721882,ORL,C,25.0,6.3,4.0
414,Emanuel Miller,1.018720778896521,CHI,PF,33.0,6.6,5.0
415,Kobe Bufkin,1.0190898179206123,LAL,SG,119.0,7.4,16.0
416,Eric Gordon,1.021659075103608,PHI,SG,74.0,12.3,6.0
417,Derik Queen,1.0275345114004055,NOP,C,2023.0,25.0,81.0
418,Joe Ingles,1.0286530124529552,MIN,SF,153.0,5.7,27.0
419,Kon Knueppel,1.0296805927017645,CHO,SF,2551.0,31.5,81.0
420,Chris Livingston,1.0342199771334732,CLE,SF,17.0,5.7,3.0
421,VJ Edgecombe,1.0360053585721658,PHI,SG,2623.0,35.0,75.0
422,CJ McCollum,1.0368023375866058,2TM,PG,2264.0,29.8,76.0
423,Wendell Moore Jr.,1.0380127832672341,DET,SG,60.0,10.0,6.0
424,Maxime Raynaud,1.0385398713638676,SAC,C,1964.0,26.5,74.0
425,Jordan McLaughlin,1.0414147620291465,SAS,PG,282.0,6.4,44.0
426,Xavier Tillman Sr.,1.0425258454597561,2TM,C,183.0,6.1,30.0
427,Alex Antetokounmpo,1.0436966539186445,MIL,SF,21.0,3.5,6.0
428,Hunter Dickinson,1.0467662595420562,NOP,C,42.0,8.4,5.0
429,Dylan Cardwell,1.050129755718599,SAC,C,907.0,20.6,44.0
430,Josh Oduro,1.052040123935936,NOP,PF,82.0,27.3,3.0
431,Isaiah Crawford,1.0539213365005677,HOU,SF,92.0,6.6,14.0
432,Alijah Martin,1.0557911504085298,TOR,SG,146.0,6.3,23.0
433,Julian Phillips,1.0580059133789448,2TM,SF,428.0,8.9,48.0
434,John Tonje,1.0593374905652813,BOS,SG,42.0,7.0,6.0
435,Adou Thiero,1.0595188590744482,LAL,SF,149.0,6.0,25.0
436,Jaime Jaquez Jr.,1.0608176484588066,MIA,SF,2121.0,28.3,75.0
437,DeMar DeRozan,1.0628837876273312,SAC,PF,2406.0,31.2,77.0
438,Jaren Jackson Jr.,1.065173089239795,2TM,C,1454.0,30.3,48.0
439,Johni Broome,1.067436210419199,PHI,C,55.0,5.0,11.0
440,Trey Jemison,1.0731984085638697,NYK,C,82.0,6.3,13.0
441,Dillon Jones,1.0765488011133753,NYK,SF,39.0,5.6,7.0
442,Chaz Lanier,1.0768161257076736,DET,SG,262.0,7.7,34.0
443,Lindy Waters III,1.0768161257076736,SAS,SG,285.0,7.1,40.0
444,RJ Barrett,1.0783848137621392,TOR,SF,1726.0,30.3,57.0
445,Shaedon Sharpe,1.0795470793984123,POR,SG,1471.0,29.4,50.0
446,Antonio Reeves,1.0796284716598248,CHO,SG,68.0,6.8,10.0
447,Drew Peterson,1.0911192495563067,CHO,PF,64.0,10.7,6.0
448,Chris Youngblood,1.0930053122115995,2TM,SG,185.0,5.4,34.0
449,Nigel Hayes-Davis,1.0977500210466644,PHO,SF,195.0,7.2,27.0
450,Dario Å ariÄ,1.098634885555206,SAC,C,41.0,8.2,5.0
451,Pacôme Dadiet,1.0996543433127957,NYK,SG,136.0,4.7,29.0
452,Ryan Nembhard,1.1007194063105556,DAL,PG,1171.0,19.5,60.0
453,Jeff Green,1.1048278328360335,HOU,PF,175.0,5.8,30.0
454,TyTy Washington Jr.,1.110458287490557,LAC,PG,88.0,5.5,16.0
455,Javonte Cooke,1.1138376395352891,POR,SG,94.0,4.9,19.0
456,Johnny Juzang,1.115263291559725,MIN,SG,88.0,4.2,21.0
457,N'Faly Dante,1.1159704328063538,ATL,C,15.0,3.8,4.0
458,Brandon Miller,1.1161832996356753,CHO,SF,1968.0,30.3,65.0
459,Kyle Lowry,1.1163785419734316,PHI,PG,118.0,8.4,14.0
460,Thanasis Antetokounmpo,1.1165569035373393,MIL,SF,148.0,4.4,34.0
461,Sean Pedulla,1.1236675731388195,LAC,PG,31.0,4.4,7.0
462,Trentyn Flowers,1.1302225910789399,CHI,SF,6.0,3.0,2.0
463,Markelle Fultz,1.1385234947284317,TOR,PG,36.0,7.2,5.0
464,Chris Mañon,1.1406264910048658,LAL,SG,46.0,5.1,9.0
465,Jayson Kent,1.141879128392546,POR,SF,22.0,4.4,5.0
466,Norman Powell,1.142238691972594,MIA,SG,1717.0,29.6,58.0
467,Mark Sears,1.1436866205093947,MIL,PG,26.0,3.7,7.0
468,Caleb Houstan,1.1483265916180967,ATL,SF,75.0,4.2,18.0
469,Tre Jones,1.1506093456418187,CHI,PG,1752.0,27.0,65.0
470,Vladislav Goldin,1.1539831152705,MIA,C,24.0,2.7,9.0
471,Alex Sarr,1.1547810633820457,WAS,C,1305.0,27.2,48.0
472,Jahmir Young,1.1597229446466253,MIA,PG,58.0,4.1,14.0
473,Cam Spencer,1.1625856812778421,MEM,SG,1714.0,23.8,72.0
474,Bismack Biyombo,1.1651688263340536,SAS,C,141.0,5.6,25.0
475,Jalen Suggs,1.1668531571155694,ORL,PG,1574.0,27.6,57.0
476,Nickeil Alexander-Walker,1.1695825832446094,ATL,SG,2603.0,33.4,78.0
477,Mark Williams,1.1709251025291902,PHO,C,1416.0,23.6,60.0
478,Onyeka Okongwu,1.1716293313326835,ATL,C,2297.0,31.0,74.0
479,Franz Wagner,1.171747663431725,ORL,SF,1019.0,30.0,34.0
480,Jamal Shead,1.1736356353149064,TOR,PG,1852.0,22.6,82.0
481,Desmond Bane,1.1829776708639166,ORL,SG,2756.0,33.6,82.0
482,Chucky Hepburn,1.1830394271594684,TOR,PG,13.0,6.5,2.0
483,Draymond Green,1.185742495509151,GSW,PF,1869.0,27.5,68.0
484,Neemias Queta,1.1977230282197426,BOS,C,1926.0,25.3,76.0
485,Isaac Jones,1.2023284703085269,2TM,PF,36.0,5.1,7.0
486,Deandre Ayton,1.2089945142296865,LAL,C,1958.0,27.2,72.0
487,Payton Pritchard,1.2199132744231367,BOS,PG,2556.0,32.4,79.0
488,Garrett Temple,1.2261737466888372,TOR,SG,73.0,3.3,22.0
489,Harrison Ingram,1.2319677348090496,SAS,SF,26.0,3.7,7.0
490,Hunter Sallis,1.2364040070112008,PHI,SG,26.0,3.7,7.0
491,Zion Williamson,1.2407040559671414,NOP,PF,1841.0,29.7,62.0
492,Andre Drummond,1.241687465210499,PHI,C,1231.0,19.5,63.0
493,Tyler Herro,1.2434458525438035,MIA,SG,1033.0,31.3,33.0
494,Jacob Toppin,1.2472093256724968,ATL,SF,17.0,3.4,5.0
495,Max Shulga,1.2531625632086396,BOS,SG,36.0,3.3,11.0
496,Darius Brown II,1.2536638990893052,CLE,SG,3.0,3.0,1.0
497,Andersson Garcia,1.2565312723528468,UTA,SF,169.0,33.8,5.0
498,Derrick White,1.2618733752647935,BOS,SG,2625.0,34.1,77.0
499,Moussa Diabaté,1.2667694157092457,CHO,C,1899.0,26.0,73.0
500,Stanley Umude,1.26678804009169,SAS,SG,7.0,3.5,2.0
501,Steven Adams,1.2883770663387413,HOU,C,730.0,22.8,32.0
502,Trevor Keels,1.2953790178537865,MIA,SG,15.0,1.9,8.0
503,Josh Hart,1.2988639635307393,NYK,SF,1994.0,30.2,66.0
504,Jahmyl Telfort,1.3123552640156846,LAC,PF,32.0,4.0,8.0
505,Buddy Boeheim,1.3182341788454293,OKC,SF,15.0,3.8,4.0
506,Brandon Ingram,1.3229665516700726,TOR,SF,2604.0,33.8,77.0
507,Jalen Williams,1.3262639122040805,OKC,SG,936.0,28.4,33.0
508,Tosan Evbuomwan,1.3345350861251046,NYK,SF,8.0,1.6,5.0
509,Jarrett Allen,1.340194127816938,CLE,C,1519.0,27.1,56.0
510,Trey Murphy III,1.34494960831032,NOP,SF,2341.0,35.5,66.0
511,Nikola Vučević,1.3546128143121687,2TM,C,1818.0,28.4,64.0
512,Ryan Rollins,1.3625814153645481,MIL,PG,2376.0,32.1,74.0
513,Mitchell Robinson,1.3811919985942194,NYK,C,1175.0,19.6,60.0
514,Immanuel Quickley,1.3846081290667647,TOR,PG,2231.0,31.9,70.0
515,Noa Essengue,1.3945376062447623,CHI,PF,6.0,3.0,2.0
516,Jimmy Butler,1.4164069435773328,GSW,SF,1182.0,31.1,38.0
517,Kel'el Ware,1.4231805155710748,MIA,C,1704.0,22.1,77.0
518,Davion Mitchell,1.4256289452564106,MIA,PG,2000.0,28.6,70.0
519,Jrue Holiday,1.45561872033364,POR,PG,1560.0,29.4,53.0
520,Dyson Daniels,1.4712930675844724,ATL,SG,2520.0,33.2,76.0
521,Isaiah Hartenstein,1.4971946715581925,OKC,C,1137.0,24.2,47.0
522,Chet Holmgren,1.5000169080171328,OKC,PF,1997.0,28.9,69.0
523,Ty Jerome,1.5073871838722084,MEM,SG,339.0,22.6,15.0
524,Cooper Flagg,1.5232982615613726,DAL,SF,2344.0,33.5,70.0
525,Kennedy Chandler,1.5664331495912236,UTA,PG,355.0,32.3,11.0
526,De'Aaron Fox,1.5670951923912488,SAS,PG,2231.0,31.0,72.0
527,Dejounte Murray,1.6006388652482106,NOP,PG,389.0,27.8,14.0
528,Julius Randle,1.6163460931973739,MIN,PF,2610.0,33.0,79.0
529,Pascal Siakam,1.62678083876336,IND,PF,2057.0,33.2,62.0
530,Evan Mobley,1.6339977720842844,CLE,PF,2074.0,31.9,65.0
531,Russell Westbrook,1.634415625200689,SAC,SF,1853.0,29.0,64.0
532,Michael Porter Jr.,1.6379657757450359,BRK,SF,1689.0,32.5,52.0
533,Isaiah Collier,1.6727587333835374,UTA,PG,1517.0,25.7,59.0
534,Amen Thompson,1.6748765692998007,HOU,PG,2953.0,37.4,79.0
535,Austin Reaves,1.7016382957768736,LAL,SG,1762.0,34.5,51.0
536,Julian Reese,1.7223488353640757,WAS,PF,402.0,30.9,13.0
537,Darius Garland,1.7375630763257928,2TM,PG,1344.0,29.9,45.0
538,Scottie Barnes,1.7497362379800003,TOR,PF,2681.0,33.5,80.0
539,Stephen Curry,1.783402038139008,GSW,PG,1329.0,30.9,43.0
540,Ivica Zubac,1.7838349446231772,2TM,C,1446.0,30.1,48.0
541,Lauri Markkanen,1.7866210469377228,UTA,PF,1443.0,34.4,42.0
542,Kevin Durant,1.8135391630164273,HOU,SF,2840.0,36.4,78.0
543,Keyonte George,1.8302983761440608,UTA,PG,1786.0,33.1,54.0
544,Walker Kessler,1.85903055031429,UTA,C,154.0,30.8,5.0
545,Stephon Castle,1.8802839761945587,SAS,PG,2038.0,30.0,68.0
546,Anthony Edwards,1.8819009900637482,MIN,SG,2137.0,35.0,61.0
547,Jusuf Nurkić,1.8913042540534524,UTA,C,1083.0,26.4,41.0
548,Kawhi Leonard,1.89354505426936,LAC,SF,2085.0,32.1,65.0
549,Bam Adebayo,1.8954688116742469,MIA,C,2365.0,32.4,73.0
550,Kevin Porter Jr.,1.8989334835651746,MIL,PG,1261.0,33.2,38.0
551,LaMelo Ball,1.908390092018436,CHO,PG,2017.0,28.0,72.0
552,Zach Edey,1.9227050330387507,MEM,C,284.0,25.8,11.0
553,Andrew Nembhard,1.9385773530130443,IND,PG,1786.0,31.3,57.0
554,Jalen Duren,1.9434070360450093,DET,C,1976.0,28.2,70.0
555,Paolo Banchero,1.943816573986438,ORL,PF,2502.0,34.8,72.0
556,Rudy Gobert,1.9596721092558487,MIN,C,2380.0,31.3,76.0
557,Devin Booker,1.9792571391833667,PHO,SG,2146.0,33.5,64.0
558,Joel Embiid,1.9831119019914116,PHI,C,1201.0,31.6,38.0
559,Donovan Clingan,1.9906310744000149,POR,C,2094.0,27.2,77.0
560,LeBron James,2.0468493162380477,LAL,SF,1989.0,33.2,60.0
561,Donovan Mitchell,2.0632264333336563,CLE,SG,2342.0,33.5,70.0
562,Trae Young,2.089462954536536,2TM,PG,384.0,25.6,15.0
563,Domantas Sabonis,2.112423753273526,SAC,C,564.0,29.7,19.0
564,Alperen Şengün,2.1143216679040804,HOU,C,2398.0,33.3,72.0
565,Anthony Davis,2.1221650240184964,DAL,PF,626.0,31.3,20.0
566,Ja Morant,2.1432074199955236,MEM,PG,569.0,28.5,20.0
567,Jalen Brunson,2.144907506321617,NYK,PG,2590.0,35.0,74.0
568,Deni Avdija,2.16677679964026,POR,SF,2199.0,33.3,66.0
569,Jaylen Brown,2.171394758634163,BOS,SF,2443.0,34.4,71.0
570,Jamal Murray,2.1851827491803704,DEN,PG,2652.0,35.4,75.0
571,Jayson Tatum,2.201649324065816,BOS,PF,522.0,32.6,16.0
572,Tyrese Maxey,2.2584685783099885,PHI,PG,2661.0,38.0,70.0
573,Karl-Anthony Towns,2.2907349920151985,NYK,C,2322.0,31.0,75.0
574,James Harden,2.3213661714756726,2TM,PG,2438.0,34.8,70.0
575,Victor Wembanyama,2.439343980631832,SAS,C,1866.0,29.2,64.0
576,Shai Gilgeous-Alexander,2.4616447175245195,OKC,PG,2259.0,33.2,68.0
577,Giannis Antetokounmpo,2.4981815779773453,MIL,PF,1039.0,28.9,36.0
578,Josh Giddey,2.629295401132858,CHI,PG,1731.0,32.1,54.0
579,Jalen Johnson,2.767400618916667,ATL,SF,2532.0,35.2,72.0
580,Cade Cunningham,2.8806498292861793,DET,PG,2172.0,33.9,64.0
581,Luka Dončić,3.13899940037691,LAL,PG,2289.0,35.8,64.0
582,Nikola Jokić,3.9665528253900515,DEN,C,2265.0,34.8,65.0
