Rank,Player,basic_v2,team,pos,minutes,minutes_per_game,games
1,Kyle Kuzma,0.11044284250462338,MIL,PF,1806.0,26.2,69.0
2,Gui Santos,0.1655495533556121,GSW,PF,1395.0,20.5,68.0
3,Brandin Podziemski,0.2121056390330814,GSW,SG,2333.0,28.5,82.0
4,Naji Marshall,0.21612649077131735,DAL,SF,2184.0,29.5,74.0
5,Tobias Harris,0.2172694736811535,DET,PF,1746.0,27.7,63.0
6,VJ Edgecombe,0.22016135889075059,PHI,SG,2623.0,35.0,75.0
7,Jarace Walker,0.23567482495797668,IND,PF,1953.0,25.7,76.0
8,Bilal Coulibaly,0.27783936396898984,WAS,SG,1468.0,26.2,56.0
9,Jaylon Tyson,0.2831266375682136,CLE,SG,1777.0,26.9,66.0
10,Simone Fontecchio,0.29034859469873886,MIA,SF,1173.0,16.8,70.0
11,Khris Middleton,0.29719653831688614,2TM,SF,1439.0,22.8,63.0
12,Kevin Huerter,0.3007929717775734,2TM,SF,1549.0,22.4,69.0
13,Jordan Miller,0.3253441663703838,LAC,SF,1325.0,22.1,60.0
14,Miles Bridges,0.3266528845193678,CHO,PF,2387.0,31.0,77.0
15,Cedric Coward,0.3335905376858691,MEM,SG,1598.0,25.8,62.0
16,Paul George,0.33481358848205417,PHI,PF,1135.0,30.7,37.0
17,Andrew Wiggins,0.33711374041234143,MIA,SF,2063.0,30.3,68.0
18,De'Anthony Melton,0.36809196683869555,GSW,PG,1125.0,23.0,49.0
19,Gary Payton II,0.3694359265387246,GSW,SG,1142.0,15.6,73.0
20,Santi Aldama,0.38970856405881865,MEM,PF,1198.0,27.9,43.0
21,De'Andre Hunter,0.41252947719174937,2TM,SF,1176.0,26.1,45.0
22,Ousmane Dieng,0.4129044162244776,2TM,C,1099.0,19.3,57.0
23,Peyton Watson,0.424796526945089,DEN,SF,1598.0,29.6,54.0
24,Saddiq Bey,0.4261468890622973,NOP,SF,2246.0,31.2,72.0
25,Sandro Mamukelashvili,0.42796473686748604,TOR,C,1751.0,21.9,80.0
26,Kyshawn George,0.435922081554949,WAS,SF,1391.0,29.0,48.0
27,Anthony Black,0.43839006139242187,ORL,PG,1910.0,29.8,64.0
28,Jeremiah Fears,0.4494774354364729,NOP,PG,2112.0,25.8,82.0
29,Quentin Grimes,0.4497178837017125,PHI,SG,2206.0,29.4,75.0
30,Onyeka Okongwu,0.449890384111126,ATL,C,2297.0,31.0,74.0
31,Jay Huff,0.4576390589635363,IND,C,1719.0,21.0,82.0
32,Amen Thompson,0.4599426086797666,HOU,PG,2953.0,37.4,79.0
33,Jaden McDaniels,0.4624844184223527,MIN,PF,2316.0,31.7,73.0
34,Aaron Gordon,0.4629136814327639,DEN,PF,1005.0,27.9,36.0
35,Kon Knueppel,0.46787521335945614,CHO,SF,2551.0,31.5,81.0
36,Jordan Goodwin,0.4837491585701214,PHO,PG,1572.0,22.5,70.0
37,Danny Wolf,0.4837597307830649,BRK,PF,1187.0,20.8,57.0
38,Matas Buzelis,0.4857768425801409,CHI,PF,2248.0,29.2,77.0
39,Naz Reid,0.4883055136519933,MIN,C,2007.0,26.1,77.0
40,Trey Murphy III,0.4883293160629531,NOP,SF,2341.0,35.5,66.0
41,OG Anunoby,0.4901553206681984,NYK,PF,2224.0,33.2,67.0
42,Will Riley,0.49132466838791256,WAS,SF,1633.0,22.1,74.0
43,Mikal Bridges,0.5025052906161499,NYK,SF,2692.0,32.8,82.0
44,Bennedict Mathurin,0.5050274194403931,2TM,SF,1620.0,30.0,54.0
45,Devin Vassell,0.507004204314749,SAS,SG,2044.0,30.5,67.0
46,Aaron Wiggins,0.5096967992721639,OKC,SG,1414.0,21.8,65.0
47,Quinten Post,0.5144869512578478,GSW,PF,1159.0,17.3,67.0
48,Ayo Dosunmu,0.5165443642923493,2TM,SG,1881.0,27.3,69.0
49,Pelle Larsson,0.5184322486256676,MIA,SG,1849.0,26.4,70.0
50,Ausar Thompson,0.5230594145359847,DET,SF,1896.0,26.0,73.0
51,Noah Clowney,0.5332618772092675,BRK,PF,1780.0,27.0,66.0
52,Ajay Mitchell,0.5359246451233781,OKC,SG,1473.0,25.8,57.0
53,Caleb Love,0.536581708240077,POR,SG,1013.0,20.7,49.0
54,Christian Braun,0.5367645927166054,DEN,SG,1399.0,31.8,44.0
55,Jaime Jaquez Jr.,0.5375618077979448,MIA,SF,2121.0,28.3,75.0
56,Ace Bailey,0.539987368045226,UTA,SF,1988.0,27.6,72.0
57,Donte DiVincenzo,0.5400348206181433,MIN,SG,2494.0,30.4,82.0
58,Corey Kispert,0.5410997956952726,2TM,SF,1080.0,18.6,58.0
59,Egor Dëmin,0.5439021449442928,BRK,PG,1308.0,25.2,52.0
60,Royce O'Neale,0.5562278172181438,PHO,SF,2213.0,28.4,78.0
61,GG Jackson II,0.5571768290918645,MEM,PF,1178.0,21.4,55.0
62,Cooper Flagg,0.5634386096737811,DAL,SF,2344.0,33.5,70.0
63,Toumani Camara,0.5680228110477972,POR,PF,2731.0,33.3,82.0
64,Tre Johnson,0.5696083603012495,WAS,SG,1443.0,24.1,60.0
65,Aaron Nesmith,0.5840125024305272,IND,SF,1335.0,29.7,45.0
66,Collin Murray-Boyles,0.5888354080909135,TOR,PF,1246.0,21.9,57.0
67,Jared McCain,0.589491632431929,2TM,SG,1160.0,17.3,67.0
68,Reed Sheppard,0.5914392787121469,HOU,SG,2147.0,26.2,82.0
69,Ron Holland,0.5915670339938087,DET,SF,1551.0,19.9,78.0
70,Jabari Smith Jr.,0.6048597120557274,HOU,PF,2705.0,35.1,77.0
71,Cameron Johnson,0.6069051040050839,DEN,SF,1647.0,30.5,54.0
72,Brook Lopez,0.6080689420254187,LAC,C,1635.0,21.8,75.0
73,Myles Turner,0.6106458983803843,MIL,C,1912.0,26.9,71.0
74,Moses Moody,0.6114584217733491,GSW,SG,1540.0,25.7,60.0
75,RJ Barrett,0.6226736256374431,TOR,SF,1726.0,30.3,57.0
76,Alex Caruso,0.6243866780429743,OKC,SG,1020.0,18.2,56.0
77,Brandon Ingram,0.6303731964163766,TOR,SF,2604.0,33.8,77.0
78,Nic Claxton,0.6319153759546765,BRK,C,1920.0,27.8,69.0
79,Desmond Bane,0.6337581092884814,ORL,SG,2756.0,33.6,82.0
80,Tristan Da Silva,0.6358835033990933,ORL,SF,1899.0,24.7,77.0
81,Nique Clifford,0.6403908173124646,SAC,SG,1882.0,25.1,75.0
82,Jock Landale,0.6409639784583537,2TM,C,1506.0,22.1,68.0
83,Kelly Oubre Jr.,0.6428883050411176,PHI,SF,1574.0,31.5,50.0
84,Sam Hauser,0.6431529552640313,BOS,PF,1934.0,24.8,78.0
85,Collin Gillespie,0.6453259221331977,PHO,PG,2282.0,28.5,80.0
86,P.J. Washington,0.6497023182210989,DAL,PF,1736.0,31.0,56.0
87,Tyler Herro,0.651094529426589,MIA,SG,1033.0,31.3,33.0
88,Miles McBride,0.6587829195049185,NYK,SG,1080.0,26.3,41.0
89,Sam Merrill,0.6769729165575137,CLE,SG,1377.0,26.5,52.0
90,Dylan Harper,0.6778856047429928,SAS,SG,1558.0,22.6,69.0
91,Derrick White,0.6794316384141498,BOS,SG,2625.0,34.1,77.0
92,Julian Champagnie,0.6814612161774086,SAS,SF,2266.0,27.6,82.0
93,Kentavious Caldwell-Pope,0.6841001365981303,MEM,SG,1088.0,21.3,51.0
94,Bruce Brown,0.6895837180169755,DEN,SG,1998.0,24.4,82.0
95,Zaccharie Risacher,0.6903123485843037,ATL,SF,1503.0,22.4,67.0
96,Luke Kennard,0.6907329924311028,2TM,SG,1681.0,21.6,78.0
97,Isaiah Joe,0.6907932368387453,OKC,SG,1507.0,21.2,71.0
98,Jordan Clarkson,0.6944988072306468,NYK,SG,1279.0,17.8,72.0
99,Isaiah Stewart,0.7032472126828392,DET,C,1317.0,22.7,58.0
100,Jaylen Wells,0.7072154971009612,MEM,SG,1821.0,26.4,69.0
101,Keldon Johnson,0.7105850792995466,SAS,SF,1911.0,23.3,82.0
102,Kobe Sanders,0.7170709289328331,LAC,SG,1351.0,19.9,68.0
103,Jamir Watkins,0.7215688904750358,WAS,SG,1032.0,20.6,50.0
104,Brice Sensabaugh,0.7269281123542348,UTA,SF,1762.0,23.5,75.0
105,Julius Randle,0.731491513340469,MIN,PF,2610.0,33.0,79.0
106,Jaren Jackson Jr.,0.7344457382713363,2TM,C,1454.0,30.3,48.0
107,Grayson Allen,0.7363950205678286,PHO,SG,1467.0,28.8,51.0
108,Bones Hyland,0.7445516727645487,MIN,PG,1177.0,16.6,71.0
109,Anfernee Simons,0.7448779673903163,2TM,SG,1372.0,24.9,55.0
110,Duncan Robinson,0.7485127319439215,DET,SG,2113.0,27.4,77.0
111,Baylor Scheierman,0.7489319990666247,BOS,SG,1429.0,18.6,77.0
112,John Collins,0.7512053995501681,LAC,PF,1872.0,27.1,69.0
113,Gradey Dick,0.7534625169726316,TOR,SG,1067.0,14.0,76.0
114,Wendell Carter Jr.,0.7576767434164038,ORL,C,2288.0,29.3,78.0
115,Nae'Qwan Tomlin,0.7578261098149884,CLE,PF,1004.0,15.7,64.0
116,Alex Sarr,0.7600777375498025,WAS,C,1305.0,27.2,48.0
117,Jaxson Hayes,0.7604293075124284,LAL,C,1207.0,18.3,66.0
118,Jake LaRavia,0.7617119315504703,LAL,PF,2061.0,25.1,82.0
119,Payton Pritchard,0.7628023257608078,BOS,PG,2556.0,32.4,79.0
120,CJ McCollum,0.7638894572765667,2TM,PG,2264.0,29.8,76.0
121,Svi Mykhailiuk,0.7654503186971547,UTA,SF,1156.0,23.1,50.0
122,Taylor Hendricks,0.7676433016317054,2TM,PF,1118.0,18.9,59.0
123,Tari Eason,0.7715584091643691,HOU,PF,1549.0,25.8,60.0
124,Guerschon Yabusele,0.7729047141872087,2TM,C,1007.0,15.0,67.0
125,Max Christie,0.7744555230080177,DAL,SG,2244.0,29.1,77.0
126,Nickeil Alexander-Walker,0.780475890854069,ATL,SG,2603.0,33.4,78.0
127,Franz Wagner,0.7820248017677456,ORL,SF,1019.0,30.0,34.0
128,Ben Sheppard,0.7824706415148015,IND,SG,1390.0,21.4,65.0
129,Harrison Barnes,0.7827004914376234,SAS,PF,1986.0,25.8,77.0
130,Caris LeVert,0.7837460229481171,DET,SG,1154.0,19.2,60.0
131,Cody Williams,0.7858255718047439,UTA,SG,1631.0,24.3,67.0
132,Luka Garza,0.7881583581898155,BOS,C,1118.0,16.2,69.0
133,Ryan Rollins,0.7952930211133677,MIL,PG,2376.0,32.1,74.0
134,Dru Smith,0.7955084600547196,MIA,SG,1141.0,16.3,70.0
135,Brandon Miller,0.7972005867062126,CHO,SF,1968.0,30.3,65.0
136,Evan Mobley,0.8017580312608901,CLE,PF,2074.0,31.9,65.0
137,Jimmy Butler,0.8034778291949919,GSW,SF,1182.0,31.1,38.0
138,Scottie Barnes,0.8065503344671581,TOR,PF,2681.0,33.5,80.0
139,Derik Queen,0.8120607095245422,NOP,C,2023.0,25.0,81.0
140,Josh Hart,0.812961259631985,NYK,SF,1994.0,30.2,66.0
141,Derrick Jones Jr.,0.8131658187029062,LAC,SF,1350.0,27.0,50.0
142,Nikola Vučević,0.8134278084555535,2TM,C,1818.0,28.4,64.0
143,Patrick Williams,0.8151778640178818,CHI,PF,1474.0,20.5,72.0
144,DeMar DeRozan,0.8156366067698655,SAC,PF,2406.0,31.2,77.0
145,Vít Krejčí,0.8168852817337842,2TM,PG,1392.0,21.4,65.0
146,Ja'Kobe Walter,0.8217268416503559,TOR,SG,1474.0,20.5,72.0
147,Terance Mann,0.8275551974719065,BRK,SG,1529.0,24.3,63.0
148,Cason Wallace,0.8294456924663781,OKC,SG,2046.0,26.6,77.0
149,Brandon Williams,0.8303992737264805,DAL,PG,1463.0,22.2,66.0
150,Jerami Grant,0.8310495745908377,POR,PF,1695.0,29.7,57.0
151,Javonte Green,0.8349535342458925,DET,SG,1446.0,17.6,82.0
152,Paolo Banchero,0.8381390094894118,ORL,PF,2502.0,34.8,72.0
153,Jakob Poeltl,0.838481942207708,TOR,C,1149.0,25.0,46.0
154,Bub Carrington,0.8397527701575447,WAS,PG,2271.0,27.7,82.0
155,Malik Monk,0.8398195394388694,SAC,SG,1364.0,22.0,62.0
156,Klay Thompson,0.8426675526062349,DAL,SF,1497.0,21.7,69.0
157,Oso Ighodaro,0.8458049517124964,PHO,PF,1808.0,22.0,82.0
158,Ryan Dunn,0.8543522360014183,PHO,SF,1355.0,19.4,70.0
159,Zion Williamson,0.8550009286099693,NOP,PF,1841.0,29.7,62.0
160,Ziaire Williams,0.8569447058579759,BRK,SF,1281.0,22.9,56.0
161,Kyle Filipowski,0.8620210161393841,UTA,C,1801.0,23.4,77.0
162,Bobby Portis,0.8632842391081641,MIL,PF,1619.0,24.2,67.0
163,Dyson Daniels,0.8671961857904769,ATL,SG,2520.0,33.2,76.0
164,Herbert Jones,0.8672363766833076,NOP,SF,1588.0,28.4,56.0
165,Tim Hardaway Jr.,0.878042561302567,DEN,SG,2127.0,26.6,80.0
166,Rayan Rupert,0.8826985778924894,2TM,SG,1072.0,16.8,64.0
167,Justin Champagnie,0.8845556825185447,WAS,SF,1377.0,20.0,69.0
168,Marcus Smart,0.887047771991101,LAL,SG,1769.0,28.5,62.0
169,Jaylin Williams,0.8874163555127487,OKC,PF,1277.0,19.6,65.0
170,Will Richard,0.8920693807727814,GSW,SG,1377.0,20.0,69.0
171,Jose Alvarado,0.8951529012603211,2TM,PG,1370.0,19.9,69.0
172,Dominick Barlow,0.8974800678211927,PHI,PF,1689.0,23.8,71.0
173,Pascal Siakam,0.9011587308005906,IND,PF,2057.0,33.2,62.0
174,Immanuel Quickley,0.9128675748187559,TOR,PG,2231.0,31.9,70.0
175,A.J. Green,0.9218574057793615,MIL,SG,2270.0,29.1,78.0
176,Shaedon Sharpe,0.9223809510655153,POR,SG,1471.0,29.4,50.0
177,Zach LaVine,0.9410680617318747,SAC,SG,1224.0,31.4,39.0
178,Landry Shamet,0.944814672516446,NYK,SG,1171.0,23.0,51.0
179,Precious Achiuwa,0.9465614298482118,SAC,C,1745.0,23.9,73.0
180,Jalen Suggs,0.9523825558147591,ORL,PG,1574.0,27.6,57.0
181,Maxime Raynaud,0.9644786761459884,SAC,C,1964.0,26.5,74.0
182,Marvin Bagley III,0.9663801132293084,2TM,PF,1201.0,20.0,60.0
183,Collin Sexton,0.972719495471339,2TM,SG,1614.0,23.7,68.0
184,Bam Adebayo,0.9775165606497678,MIA,C,2365.0,32.4,73.0
185,Daniss Jenkins,0.9791142129474998,DET,PG,1455.0,20.2,72.0
186,Kris Dunn,0.9874122645077479,LAC,PG,2230.0,27.2,82.0
187,Sion James,0.9939841488070041,CHO,SG,1843.0,22.5,82.0
188,Austin Reaves,0.9966652283125381,LAL,SG,1762.0,34.5,51.0
189,Coby White,0.9983678554900307,2TM,SG,1249.0,25.0,50.0
190,Pat Spencer,1.0009412688796238,GSW,PG,1229.0,18.6,66.0
191,Rui Hachimura,1.0093122699067558,LAL,PF,1927.0,28.3,68.0
192,Tre Jones,1.013470973406024,CHI,PG,1752.0,27.0,65.0
193,Dean Wade,1.015814811324479,CLE,PF,1318.0,22.3,59.0
194,Isaac Okoro,1.0209073613142137,CHI,SG,1695.0,26.9,63.0
195,Jordan Walsh,1.0212653512032241,BOS,PF,1212.0,17.8,68.0
196,Dillon Brooks,1.0283184783245873,PHO,SF,1702.0,30.4,56.0
197,Mouhamed Gueye,1.028543623055395,ATL,PF,1179.0,15.3,77.0
198,Luguentz Dort,1.0299592656026233,OKC,SF,1849.0,26.8,69.0
199,Jrue Holiday,1.0306657554676175,POR,PG,1560.0,29.4,53.0
200,Kevin Durant,1.052723253810107,HOU,SF,2840.0,36.4,78.0
201,Norman Powell,1.0581147227518646,MIA,SG,1717.0,29.6,58.0
202,Nolan Traoré,1.0597471631226811,BRK,PG,1243.0,22.2,56.0
203,Drake Powell,1.0627232293432944,BRK,SG,1320.0,21.0,63.0
204,Ryan Kalkbrenner,1.0712549033365444,CHO,C,1479.0,21.4,69.0
205,Josh Okogie,1.077624578839246,HOU,SG,1354.0,17.4,78.0
206,Sidy Cissoko,1.0843378465216686,POR,SF,1435.0,19.1,75.0
207,Luke Kornet,1.0844122772559834,SAS,C,1430.0,21.0,68.0
208,Dennis Schröder,1.086597228289092,2TM,PG,1697.0,24.2,70.0
209,John Konchar,1.0958232096215872,2TM,SG,1115.0,19.9,56.0
210,Kris Murray,1.1102458100272299,POR,SF,1333.0,23.4,57.0
211,Jarrett Allen,1.110654196741078,CLE,C,1519.0,27.1,56.0
212,De'Aaron Fox,1.1160433821687066,SAS,PG,2231.0,31.0,72.0
213,Jalen Smith,1.1202461665450107,CHI,C,1095.0,20.7,53.0
214,Keon Ellis,1.1354756004656654,2TM,SG,1478.0,20.5,72.0
215,Jarred Vanderbilt,1.1409138288133103,LAL,PF,1128.0,17.4,65.0
216,Michael Porter Jr.,1.1565832710465027,BRK,SF,1689.0,32.5,52.0
217,Chet Holmgren,1.1590888947477247,OKC,PF,1997.0,28.9,69.0
218,Daniel Gafford,1.1595279619199184,DAL,C,1195.0,21.7,55.0
219,Walter Clayton,1.162743516142866,2TM,PG,1410.0,20.4,69.0
220,Deandre Ayton,1.1760473218024174,LAL,C,1958.0,27.2,72.0
221,Hugo González,1.1770501176815749,BOS,SF,1084.0,14.6,74.0
222,Craig Porter Jr.,1.177526691831287,CLE,PG,1148.0,17.9,64.0
223,Gary Trent Jr.,1.185030210843851,MIL,SG,1377.0,21.2,65.0
224,Lauri Markkanen,1.1960212736700264,UTA,PF,1443.0,34.4,42.0
225,Nicolas Batum,1.2031892339937063,LAC,PF,1295.0,17.5,74.0
226,Draymond Green,1.2064344266148732,GSW,PF,1869.0,27.5,68.0
227,Kevin Porter Jr.,1.220310825619386,MIL,PG,1261.0,33.2,38.0
228,Jericho Sims,1.2282437274756035,MIL,C,1318.0,19.7,67.0
229,Spencer Jones,1.2296350130671458,DEN,SF,1417.0,22.1,64.0
230,Keyonte George,1.2317874832000355,UTA,PG,1786.0,33.1,54.0
231,Alperen Şengün,1.2404486012281912,HOU,C,2398.0,33.3,72.0
232,Yves Missi,1.2414921143406497,NOP,C,1297.0,19.7,66.0
233,Russell Westbrook,1.2456534555691108,SAC,SF,1853.0,29.0,64.0
234,LeBron James,1.2807797887022405,LAL,SF,1989.0,33.2,60.0
235,Adem Bona,1.2875685890433637,PHI,C,1234.0,17.4,71.0
236,Neemias Queta,1.312980832627877,BOS,C,1926.0,25.3,76.0
237,Deni Avdija,1.3138378937588824,POR,SF,2199.0,33.3,66.0
238,Tyrese Maxey,1.3342132218636085,PHI,PG,2661.0,38.0,70.0
239,Anthony Edwards,1.3490186950612124,MIN,SG,2137.0,35.0,61.0
240,Cam Spencer,1.3662301444376777,MEM,SG,1714.0,23.8,72.0
241,Day'Ron Sharpe,1.366606740828116,BRK,C,1160.0,18.7,62.0
242,Ivica Zubac,1.3715554197801976,2TM,C,1446.0,30.1,48.0
243,Mark Williams,1.3934083353954434,PHO,C,1416.0,23.6,60.0
244,Stephon Castle,1.4112040249983653,SAS,PG,2038.0,30.0,68.0
245,Jamal Murray,1.4192542424635408,DEN,PG,2652.0,35.4,75.0
246,Moussa Diabaté,1.4316738872234696,CHO,C,1899.0,26.0,73.0
247,Jalen Johnson,1.4739111720865588,ATL,SF,2532.0,35.2,72.0
248,Davion Mitchell,1.4765887109815539,MIA,PG,2000.0,28.6,70.0
249,Andrew Nembhard,1.5222537955468052,IND,PG,1786.0,31.3,57.0
250,Joel Embiid,1.526893544883745,PHI,C,1201.0,31.6,38.0
251,James Harden,1.5278229229564642,2TM,PG,2438.0,34.8,70.0
252,Devin Booker,1.5287564971189809,PHO,SG,2146.0,33.5,64.0
253,Darius Garland,1.5296580886081241,2TM,PG,1344.0,29.9,45.0
254,Donovan Mitchell,1.5474434816593272,CLE,SG,2342.0,33.5,70.0
255,Rudy Gobert,1.5648022530276486,MIN,C,2380.0,31.3,76.0
256,Jalen Brunson,1.571164741156304,NYK,PG,2590.0,35.0,74.0
257,Jaylen Brown,1.6308964542227866,BOS,SF,2443.0,34.4,71.0
258,Isaiah Hartenstein,1.639353264510665,OKC,C,1137.0,24.2,47.0
259,Stephen Curry,1.6468267681636346,GSW,PG,1329.0,30.9,43.0
260,Kawhi Leonard,1.6484880209586383,LAC,SF,2085.0,32.1,65.0
261,Jusuf Nurkić,1.6603331255395923,UTA,C,1083.0,26.4,41.0
262,Jalen Duren,1.6845368673394416,DET,C,1976.0,28.2,70.0
263,Karl-Anthony Towns,1.7255723965274847,NYK,C,2322.0,31.0,75.0
264,Jamal Shead,1.738207358187932,TOR,PG,1852.0,22.6,82.0
265,Kel'el Ware,1.752877248123476,MIA,C,1704.0,22.1,77.0
266,Ryan Nembhard,1.7743509444899883,DAL,PG,1171.0,19.5,60.0
267,Isaiah Collier,1.7936889599864394,UTA,PG,1517.0,25.7,59.0
268,Robert Williams,1.8017764097958564,POR,C,1008.0,17.1,59.0
269,Josh Giddey,1.8032152585921795,CHI,PG,1731.0,32.1,54.0
270,Donovan Clingan,1.8103760756727976,POR,C,2094.0,27.2,77.0
271,LaMelo Ball,1.8466246171919396,CHO,PG,2017.0,28.0,72.0
272,Andre Drummond,2.022273957072268,PHI,C,1231.0,19.5,63.0
273,Shai Gilgeous-Alexander,2.0598640945931574,OKC,PG,2259.0,33.2,68.0
274,Cade Cunningham,2.0759057262438922,DET,PG,2172.0,33.9,64.0
275,Victor Wembanyama,2.1352031890522345,SAS,C,1866.0,29.2,64.0
276,Luka Dončić,2.2553421737275854,LAL,PG,2289.0,35.8,64.0
277,Mitchell Robinson,2.2946826833359157,NYK,C,1175.0,19.6,60.0
278,Giannis Antetokounmpo,2.4459202275861522,MIL,PF,1039.0,28.9,36.0
279,Nikola Jokić,2.807377183540406,DEN,C,2265.0,34.8,65.0
