Rank,Player,basic_v3,team,pos,minutes,minutes_per_game
1,Tyrese Martin,0.24631735253001355,2TM,SG,777.0,16.9
2,Naji Marshall,0.2823702588118545,DAL,SF,2184.0,29.5
3,Jaylon Tyson,0.35953939570273685,CLE,SG,1777.0,26.9
4,Miles Bridges,0.3623541361557054,CHO,PF,2387.0,31.0
5,De'Andre Hunter,0.3755285361364067,2TM,SF,1176.0,26.1
6,Saddiq Bey,0.3780107710003836,NOP,SF,2246.0,31.2
7,Corey Kispert,0.3855108790919945,2TM,SF,1080.0,18.6
8,Christian Braun,0.39337609483209657,DEN,SG,1399.0,31.8
9,Quentin Grimes,0.3967258260840541,PHI,SG,2206.0,29.4
10,Kyle Kuzma,0.4035583128716857,MIL,PF,1806.0,26.2
11,Aaron Nesmith,0.41206448410467533,IND,SF,1335.0,29.7
12,Jalen Wilson,0.4273347214285283,BRK,PF,859.0,15.9
13,Simone Fontecchio,0.4279341130723767,MIA,SF,1173.0,16.8
14,Desmond Bane,0.43289026527516034,ORL,SG,2756.0,33.6
15,Sam Hauser,0.43330288859507926,BOS,PF,1934.0,24.8
16,Pelle Larsson,0.4391585387485347,MIA,SG,1849.0,26.4
17,Jordan Miller,0.44507248978051095,LAC,SF,1325.0,22.1
18,Kevin Huerter,0.4473377433666219,2TM,SF,1549.0,22.4
19,RJ Barrett,0.45316602746783163,TOR,SF,1726.0,30.3
20,Keldon Johnson,0.45687563333608866,SAS,SF,1911.0,23.3
21,Toumani Camara,0.458958907506355,POR,PF,2731.0,33.3
22,Mikal Bridges,0.4620531688034295,NYK,SF,2692.0,32.8
23,Julian Champagnie,0.47020582958944235,SAS,SF,2266.0,27.6
24,Jarace Walker,0.47356862376190617,IND,PF,1953.0,25.7
25,Devin Vassell,0.47734108907078665,SAS,SG,2044.0,30.5
26,Trey Murphy III,0.4808684133165566,NOP,SF,2341.0,35.5
27,Jamir Watkins,0.48951673629677445,WAS,SG,1032.0,20.6
28,Baylor Scheierman,0.4899096792417962,BOS,SG,1429.0,18.6
29,Ausar Thompson,0.4933284465785484,DET,SF,1896.0,26.0
30,Gui Santos,0.49823916442939564,GSW,PF,1395.0,20.5
31,Jaime Jaquez Jr.,0.5032385051771113,MIA,SF,2121.0,28.3
32,Julian Strawther,0.5051405358470102,DEN,SG,861.0,15.1
33,Nae'Qwan Tomlin,0.5157370274370221,CLE,PF,1004.0,15.7
34,Andrew Wiggins,0.518899701798041,MIA,SF,2063.0,30.3
35,Jonathan Kuminga,0.5193732666013091,2TM,PF,830.0,23.1
36,P.J. Washington,0.5195117535138596,DAL,PF,1736.0,31.0
37,Brandin Podziemski,0.5195567207665734,GSW,SG,2333.0,28.5
38,Cameron Johnson,0.5257305955385054,DEN,SF,1647.0,30.5
39,Peyton Watson,0.5262998794132907,DEN,SF,1598.0,29.6
40,Jamison Battle,0.5282133388856327,TOR,SF,517.0,8.5
41,Cedric Coward,0.5317373891397753,MEM,SG,1598.0,25.8
42,Derrick Jones Jr.,0.533121801863639,LAC,SF,1350.0,27.0
43,Herbert Jones,0.5350084702187545,NOP,SF,1588.0,28.4
44,Kenrich Williams,0.5363405850823227,OKC,PF,855.0,15.3
45,Bilal Coulibaly,0.537656834982854,WAS,SG,1468.0,26.2
46,Keegan Murray,0.5394458787227777,SAC,PF,793.0,34.5
47,Grant Williams,0.5421336706471531,CHO,PF,711.0,19.8
48,Svi Mykhailiuk,0.5431901557101129,UTA,SF,1156.0,23.1
49,Jordan Goodwin,0.5432713096170181,PHO,PG,1572.0,22.5
50,Josh Minott,0.5493223992209728,2TM,PF,834.0,17.0
51,Bennedict Mathurin,0.5511923962769179,2TM,SF,1620.0,30.0
52,Amen Thompson,0.5520124551937544,HOU,PG,2953.0,37.4
53,Moses Moody,0.5529636152961483,GSW,SG,1540.0,25.7
54,Dalton Knecht,0.5562337216086111,LAL,SF,553.0,10.2
55,Dalen Terry,0.5605700162998276,2TM,SG,551.0,11.5
56,Ayo Dosunmu,0.5685033988746269,2TM,SG,1881.0,27.3
57,Tari Eason,0.5719073440406627,HOU,PF,1549.0,25.8
58,Anthony Black,0.5727583564678169,ORL,PG,1910.0,29.8
59,Aaron Wiggins,0.5756934680733704,OKC,SG,1414.0,21.8
60,Ochai Agbaji,0.587845336697878,2TM,SG,973.0,15.7
61,Donte DiVincenzo,0.5879180321022048,MIN,SG,2494.0,30.4
62,Luke Kennard,0.5881863580082303,2TM,SG,1681.0,21.6
63,Pete Nance,0.5909679090016511,MIL,PF,737.0,15.7
64,Terance Mann,0.5939937567141287,BRK,SG,1529.0,24.3
65,OG Anunoby,0.5964857787294144,NYK,PF,2224.0,33.2
66,Kobe Sanders,0.5987496159406669,LAC,SG,1351.0,19.9
67,Olivier-Maxence Prosper,0.6105487892971961,MEM,PF,984.0,18.6
68,Kyshawn George,0.6152078480125485,WAS,SF,1391.0,29.0
69,Ryan Dunn,0.615680063892063,PHO,SF,1355.0,19.4
70,Kelly Oubre Jr.,0.6158732036650734,PHI,SF,1574.0,31.5
71,Nickeil Alexander-Walker,0.6174332225337958,ATL,SG,2603.0,33.4
72,Taurean Prince,0.6213408432263612,MIL,SF,611.0,23.5
73,Sandro Mamukelashvili,0.6224871909009955,TOR,C,1751.0,21.9
74,Justin Champagnie,0.6235834790600879,WAS,SF,1377.0,20.0
75,Tobias Harris,0.6239045461260796,DET,PF,1746.0,27.7
76,Micah Peavy,0.6245212942845014,NOP,SG,913.0,15.0
77,Caleb Love,0.6279962126336033,POR,SG,1013.0,20.7
78,Jett Howard,0.6309958173981871,ORL,SF,695.0,12.6
79,Jaden Ivey,0.6342789338523311,2TM,SG,670.0,18.1
80,Jake LaRavia,0.6388651318870917,LAL,PF,2061.0,25.1
81,Daeqwon Plowden,0.6501254427796399,SAC,SG,844.0,26.4
82,Bruce Brown,0.6524189102359166,DEN,SG,1998.0,24.4
83,Jaden McDaniels,0.6595338829846397,MIN,PF,2316.0,31.7
84,Justin Edwards,0.6599677186675799,PHI,SF,977.0,15.3
85,Tyler Herro,0.6608774630524437,MIA,SG,1033.0,31.3
86,Sam Merrill,0.6619405613442572,CLE,SG,1377.0,26.5
87,Patrick Williams,0.667250283392518,CHI,PF,1474.0,20.5
88,De'Anthony Melton,0.6682026799181775,GSW,PG,1125.0,23.0
89,Aaron Gordon,0.6748994334352795,DEN,PF,1005.0,27.9
90,VJ Edgecombe,0.6763722242334183,PHI,SG,2623.0,35.0
91,Royce O'Neale,0.6771672619160785,PHO,SF,2213.0,28.4
92,John Collins,0.6795956459946257,LAC,PF,1872.0,27.1
93,Kris Murray,0.6806072307164929,POR,SF,1333.0,23.4
94,Jarred Vanderbilt,0.6820741129472464,LAL,PF,1128.0,17.4
95,Kobe Brown,0.6879475050068206,2TM,PF,963.0,15.8
96,Onyeka Okongwu,0.6883258757694785,ATL,C,2297.0,31.0
97,Khris Middleton,0.690487344810135,2TM,SF,1439.0,22.8
98,Gradey Dick,0.6997313784633817,TOR,SG,1067.0,14.0
99,Ben Sheppard,0.7016300695563906,IND,SG,1390.0,21.4
100,Trendon Watford,0.7026524463270326,PHI,PF,864.0,16.3
101,Duncan Robinson,0.7040467643058832,DET,SG,2113.0,27.4
102,Ousmane Dieng,0.7044730191951408,2TM,C,1099.0,19.3
103,Mohamed Diawara,0.7048827413733691,NYK,SF,634.0,9.2
104,Matas Buzelis,0.7087817429765249,CHI,PF,2248.0,29.2
105,Kon Knueppel,0.712055436048419,CHO,SF,2551.0,31.5
106,Jaylen Clark,0.7168804959111446,MIN,SG,888.0,13.1
107,Buddy Hield,0.7171947157443486,2TM,SG,819.0,16.1
108,Santi Aldama,0.7180881912954578,MEM,PF,1198.0,27.9
109,Luguentz Dort,0.7216012485335153,OKC,SF,1849.0,26.8
110,Taylor Hendricks,0.7219809053600583,2TM,PF,1118.0,18.9
111,Josh Hart,0.7231308383777431,NYK,SF,1994.0,30.2
112,Sion James,0.7246159296740406,CHO,SG,1843.0,22.5
113,Rui Hachimura,0.7287732809613923,LAL,PF,1927.0,28.3
114,Nic Claxton,0.7323220484783708,BRK,C,1920.0,27.8
115,Noah Clowney,0.7324337708955188,BRK,PF,1780.0,27.0
116,Josh Green,0.7327809033096215,CHO,SG,908.0,15.7
117,Devin Carter,0.7343915259089389,SAC,PG,700.0,18.4
118,Brandon Ingram,0.734632403733031,TOR,SF,2604.0,33.8
119,Ajay Mitchell,0.7371837102915244,OKC,SG,1473.0,25.8
120,Jalen Suggs,0.7394325606986532,ORL,PG,1574.0,27.6
121,Brandon Miller,0.7419351574387494,CHO,SF,1968.0,30.3
122,Tre Mann,0.7424149901131925,CHO,PG,669.0,12.6
123,Josh Okogie,0.7444876342593023,HOU,SG,1354.0,17.4
124,Caris LeVert,0.745834942158599,DET,SG,1154.0,19.2
125,Ethan Thompson,0.7469069601503853,IND,SG,653.0,20.4
126,Jalen Williams,0.7527601478170125,OKC,SG,936.0,28.4
127,Isaac Okoro,0.7531446179606176,CHI,SG,1695.0,26.9
128,Caleb Martin,0.7638295437374225,DAL,SF,856.0,14.8
129,Anfernee Simons,0.7700260793763302,2TM,SG,1372.0,24.9
130,John Konchar,0.772473770561597,2TM,SG,1115.0,19.9
131,Gary Trent Jr.,0.7772478625632158,MIL,SG,1377.0,21.2
132,Brice Sensabaugh,0.7783949245114491,UTA,SF,1762.0,23.5
133,Bryce McGowens,0.778420984361178,NOP,SG,880.0,21.0
134,Kentavious Caldwell-Pope,0.7786611578346854,MEM,SG,1088.0,21.3
135,Jordan Hawkins,0.7791501892054467,NOP,SG,692.0,13.6
136,Jordan Poole,0.7796233358178346,NOP,PG,933.0,23.9
137,Spencer Jones,0.7818723725256852,DEN,SF,1417.0,22.1
138,Dyson Daniels,0.7829529894964584,ATL,SG,2520.0,33.2
139,Rayan Rupert,0.783972471831655,2TM,SG,1072.0,16.8
140,Noah Penda,0.7870325590530354,ORL,SF,757.0,12.8
141,Scottie Barnes,0.787562489801315,TOR,PF,2681.0,33.5
142,Jerami Grant,0.790529778215582,POR,PF,1695.0,29.7
143,Carter Bryant,0.7925190943231619,SAS,PF,818.0,11.5
144,Jahmai Mashack,0.7938652511727227,MEM,SG,673.0,21.7
145,Alex Caruso,0.7946339700319733,OKC,SG,1020.0,18.2
146,Jabari Smith Jr.,0.796553102611127,HOU,PF,2705.0,35.1
147,Dominick Barlow,0.8002234218039348,PHI,PF,1689.0,23.8
148,Coby White,0.8017487027473743,2TM,SG,1249.0,25.0
149,Franz Wagner,0.8021253421101739,ORL,SF,1019.0,30.0
150,Vince Williams Jr.,0.8039660627381633,2TM,SG,820.0,20.5
151,Leonard Miller,0.8047177516489703,2TM,SF,719.0,15.6
152,Zaccharie Risacher,0.8049146056568256,ATL,SF,1503.0,22.4
153,Max Christie,0.807871097127933,DAL,SG,2244.0,29.1
154,Micah Potter,0.8079304399763576,IND,C,908.0,19.3
155,Miles McBride,0.8079918739306697,NYK,SG,1080.0,26.3
156,Will Richard,0.8127527353312001,GSW,SG,1377.0,20.0
157,Jalen Pickett,0.8198182510766799,DEN,SG,807.0,16.1
158,Landry Shamet,0.8200655321603498,NYK,SG,1171.0,23.0
159,Malik Monk,0.8209095249289211,SAC,SG,1364.0,22.0
160,Dean Wade,0.8215662959410988,CLE,PF,1318.0,22.3
161,Austin Reaves,0.8242172183844672,LAL,SG,1762.0,34.5
162,Jared McCain,0.8245340270654786,2TM,SG,1160.0,17.3
163,Isaiah Stewart,0.8253222269821647,DET,C,1317.0,22.7
164,Isaiah Jackson,0.8261169439281002,2TM,C,908.0,16.5
165,Jabari Walker,0.8264371310568213,PHI,PF,762.0,11.9
166,Paul Reed,0.827644090166689,DET,C,901.0,13.9
167,Asa Newell,0.8311155358202157,ATL,PF,500.0,11.4
168,Shaedon Sharpe,0.8314006767080838,POR,SG,1471.0,29.4
169,Quinten Post,0.8329990519539928,GSW,PF,1159.0,17.3
170,Ace Bailey,0.8367134516675294,UTA,SF,1988.0,27.6
171,Dru Smith,0.8393009408209338,MIA,SG,1141.0,16.3
172,Collin Murray-Boyles,0.8431070992057708,TOR,PF,1246.0,21.9
173,Nique Clifford,0.8445649185023525,SAC,SG,1882.0,25.1
174,Jamaree Bouyea,0.8468091813703016,PHO,PG,644.0,14.0
175,Precious Achiuwa,0.8473887844056871,SAC,C,1745.0,23.9
176,Javonte Green,0.8474061793172618,DET,SG,1446.0,17.6
177,Cody Williams,0.8509427613940908,UTA,SG,1631.0,24.3
178,Zach LaVine,0.8521412314484282,SAC,SG,1224.0,31.4
179,Dillon Brooks,0.8559061667183244,PHO,SF,1702.0,30.4
180,Tyrese Proctor,0.856000560979151,CLE,PG,545.0,10.9
181,Kyle Anderson,0.8593974959000911,3TM,SF,853.0,19.8
182,Anthony Gill,0.862901172139408,WAS,PF,951.0,17.3
183,Jordan Walsh,0.8641388112721691,BOS,PF,1212.0,17.8
184,Harrison Barnes,0.8650444740603263,SAS,PF,1986.0,25.8
185,Kevin Porter Jr.,0.8652575831478475,MIL,PG,1261.0,33.2
186,Evan Mobley,0.8684019364371889,CLE,PF,2074.0,31.9
187,Sidy Cissoko,0.8712159547380806,POR,SF,1435.0,19.1
188,Jaren Jackson Jr.,0.8714509484621226,2TM,C,1454.0,30.3
189,Grayson Allen,0.8741521678328456,PHO,SG,1467.0,28.8
190,Jaxson Hayes,0.8758354896000362,LAL,C,1207.0,18.3
191,Elijah Harkless,0.876960973338911,UTA,SG,545.0,21.0
192,Cason Wallace,0.8771395960133679,OKC,SG,2046.0,26.6
193,Ziaire Williams,0.877746513347193,BRK,SF,1281.0,22.9
194,Gary Payton II,0.8809541547361397,GSW,SG,1142.0,15.6
195,Jaylin Williams,0.8830451477112644,OKC,PF,1277.0,19.6
196,Tre Johnson,0.8831798953530843,WAS,SG,1443.0,24.1
197,Dylan Harper,0.8841238446346292,SAS,SG,1558.0,22.6
198,Derrick White,0.8841482882311783,BOS,SG,2625.0,34.1
199,Jay Huff,0.8841645985285422,IND,C,1719.0,21.0
200,Paul George,0.8851913045192445,PHI,PF,1135.0,30.7
201,Luka Garza,0.8888901475205264,BOS,C,1118.0,16.2
202,Marcus Smart,0.8891008153862034,LAL,SG,1769.0,28.5
203,Jaden Hardy,0.8917920105947461,2TM,SG,898.0,15.8
204,Cooper Flagg,0.8964573873927979,DAL,SF,2344.0,33.5
205,Collin Gillespie,0.8985623131537591,PHO,PG,2282.0,28.5
206,Scoot Henderson,0.9018615098347327,POR,PG,748.0,24.9
207,Marvin Bagley III,0.9035795284391044,2TM,PF,1201.0,20.0
208,Cam Thomas,0.9067201776849279,2TM,SG,881.0,21.0
209,Quenton Jackson,0.9067897198934407,IND,PG,897.0,18.3
210,Jordan Clarkson,0.9115475801712241,NYK,SG,1279.0,17.8
211,Johnny Furphy,0.9200478975882137,IND,SG,643.0,18.4
212,Naz Reid,0.9211065390646309,MIN,C,2007.0,26.1
213,Oso Ighodaro,0.9249516342005215,PHO,PF,1808.0,22.0
214,Jeremiah Fears,0.9276837197606514,NOP,PG,2112.0,25.8
215,Will Riley,0.928098321371376,WAS,SF,1633.0,22.1
216,Zeke Nnaji,0.9297714997733258,DEN,PF,626.0,12.0
217,Myles Turner,0.9300951495497825,MIL,C,1912.0,26.9
218,Danny Wolf,0.93993492329729,BRK,PF,1187.0,20.8
219,Deni Avdija,0.9451253972704023,POR,SF,2199.0,33.3
220,Jayson Tatum,0.9477489580342692,BOS,PF,522.0,32.6
221,Mouhamed Gueye,0.9526647118919805,ATL,PF,1179.0,15.3
222,Kris Dunn,0.9552809013300597,LAC,PG,2230.0,27.2
223,Tim Hardaway Jr.,0.9563496508959859,DEN,SG,2127.0,26.6
224,Drew Eubanks,0.9578338080988525,SAC,C,552.0,13.1
225,Michael Porter Jr.,0.964088292589429,BRK,SF,1689.0,32.5
226,Jalen Smith,0.9657850196355102,CHI,C,1095.0,20.7
227,Reed Sheppard,0.9793064753273738,HOU,SG,2147.0,26.2
228,Collin Sexton,0.9805540650748052,2TM,SG,1614.0,23.7
229,Ben Saraf,0.9815920838668686,BRK,SG,916.0,20.8
230,Pat Spencer,0.9838591857425061,GSW,PG,1229.0,18.6
231,Jalen Green,0.9883122497713137,PHO,SG,828.0,25.9
232,Bub Carrington,0.9898110905460271,WAS,PG,2271.0,27.7
233,Ja'Kobe Walter,0.9899609609499662,TOR,SG,1474.0,20.5
234,Jalen Johnson,0.9918707463943186,ATL,SF,2532.0,35.2
235,Payton Pritchard,0.9943028896390714,BOS,PG,2556.0,32.4
236,Thomas Bryant,0.9943154665676406,CLE,C,732.0,12.2
237,Tristan Vukcevic,0.9953456338069551,WAS,C,671.0,13.7
238,Jarrett Allen,1.003644889780313,CLE,C,1519.0,27.1
239,Immanuel Quickley,1.0044330525149983,TOR,PG,2231.0,31.9
240,Jonathan Isaac,1.0070765272295372,ORL,PF,521.0,10.0
241,Rasheer Fleming,1.0095820174401309,PHO,PF,673.0,12.2
242,Drake Powell,1.012600768953072,BRK,SG,1320.0,21.0
243,Keaton Wallace,1.0150525944848339,ATL,PG,536.0,10.1
244,Dorian Finney-Smith,1.015884239132221,HOU,PF,620.0,16.8
245,Isaiah Joe,1.016746277216701,OKC,SG,1507.0,21.2
246,Ryan Rollins,1.0202521834544807,MIL,PG,2376.0,32.1
247,Javon Small,1.0234308203011364,MEM,PG,830.0,20.2
248,Rob Dillingham,1.023695768694951,2TM,PG,970.0,14.9
249,Lonzo Ball,1.0238365397655955,CLE,PG,728.0,20.8
250,Jock Landale,1.0283998023873995,2TM,C,1506.0,22.1
251,Julius Randle,1.0285597733268101,MIN,PF,2610.0,33.0
252,Jamal Murray,1.0325173907107508,DEN,PG,2652.0,35.4
253,Anthony Edwards,1.0327958202391057,MIN,SG,2137.0,35.0
254,Derik Queen,1.0350502338395893,NOP,C,2023.0,25.0
255,Pascal Siakam,1.0403308308251948,IND,PF,2057.0,33.2
256,Brandon Williams,1.0473966742893845,DAL,PG,1463.0,22.2
257,Guerschon Yabusele,1.0531384863031696,2TM,C,1007.0,15.0
258,Kam Jones,1.0544042403779574,IND,SG,616.0,16.6
259,Cam Spencer,1.0595111755703173,MEM,SG,1714.0,23.8
260,Paolo Banchero,1.0600691662299049,ORL,PF,2502.0,34.8
261,Jevon Carter,1.0663451903215793,2TM,PG,867.0,16.4
262,Klay Thompson,1.066377562442346,DAL,SF,1497.0,21.7
263,Gary Harris,1.0739352960628836,MIL,SG,661.0,13.8
264,Alex Sarr,1.084919373751934,WAS,C,1305.0,27.2
265,Keon Ellis,1.0919553624063922,2TM,SG,1478.0,20.5
266,Bam Adebayo,1.0931249353702968,MIA,C,2365.0,32.4
267,Jase Richardson,1.094061488304833,ORL,SG,587.0,10.9
268,Norman Powell,1.0955648664535778,MIA,SG,1717.0,29.6
269,Devin Booker,1.0960356248590257,PHO,SG,2146.0,33.5
270,Bones Hyland,1.1057689056437838,MIN,PG,1177.0,16.6
271,Stephon Castle,1.1063445959572114,SAS,PG,2038.0,30.0
272,Kyle Filipowski,1.1105021757869362,UTA,C,1801.0,23.4
273,Gabe Vincent,1.1112386898345525,2TM,PG,879.0,16.6
274,De'Aaron Fox,1.1127562429337923,SAS,PG,2231.0,31.0
275,Jaylen Brown,1.118419261630295,BOS,SF,2443.0,34.4
276,Adem Bona,1.1196321405662255,PHI,C,1234.0,17.4
277,Tre Jones,1.1264955211335343,CHI,PG,1752.0,27.0
278,Wendell Carter Jr.,1.1290575787689974,ORL,C,2288.0,29.3
279,CJ McCollum,1.132792562595455,2TM,PG,2264.0,29.8
280,DeMar DeRozan,1.136672880082277,SAC,PF,2406.0,31.2
281,Jericho Sims,1.1441191364518712,MIL,C,1318.0,19.7
282,Aaron Holiday,1.1621035473043533,HOU,PG,781.0,13.7
283,Josh Giddey,1.1639115220862435,CHI,PG,1731.0,32.1
284,Jakob Poeltl,1.1644246845904664,TOR,C,1149.0,25.0
285,Andrew Nembhard,1.173262084899806,IND,PG,1786.0,31.3
286,Tyrese Maxey,1.1816862314480998,PHI,PG,2661.0,38.0
287,Goga Bitadze,1.188817093402172,ORL,C,972.0,15.2
288,Keyonte George,1.1917784863736647,UTA,PG,1786.0,33.1
289,Daniss Jenkins,1.1923819292511904,DET,PG,1455.0,20.2
290,Jose Alvarado,1.1951772073719609,2TM,PG,1370.0,19.9
291,Yves Missi,1.2020212094111606,NOP,C,1297.0,19.7
292,Sharife Cooper,1.2051445099472686,WAS,PG,700.0,17.1
293,Al Horford,1.2201486754608228,GSW,C,969.0,21.5
294,Jrue Holiday,1.223456396358254,POR,PG,1560.0,29.4
295,Cole Anthony,1.237414506976639,MIL,PG,527.0,15.1
296,Chet Holmgren,1.2419583181300253,OKC,PF,1997.0,28.9
297,Tyler Kolek,1.2423044375015626,NYK,PG,727.0,11.7
298,Craig Porter Jr.,1.252317051019421,CLE,PG,1148.0,17.9
299,Draymond Green,1.2621819048630862,GSW,PF,1869.0,27.5
300,Cade Cunningham,1.2626659268110905,DET,PG,2172.0,33.9
301,Maxime Raynaud,1.2785778142000557,SAC,C,1964.0,26.5
302,Deandre Ayton,1.2802651806069465,LAL,C,1958.0,27.2
303,Domantas Sabonis,1.2852323486979012,SAC,C,564.0,29.7
304,Daniel Gafford,1.2897372591178233,DAL,C,1195.0,21.7
305,Donovan Mitchell,1.2984135025629686,CLE,SG,2342.0,33.5
306,Ivica Zubac,1.305143880379541,2TM,C,1446.0,30.1
307,Neemias Queta,1.3115404109894757,BOS,C,1926.0,25.3
308,Luke Kornet,1.3153465101466302,SAS,C,1430.0,21.0
309,Ryan Kalkbrenner,1.3216479881631105,CHO,C,1479.0,21.4
310,Lauri Markkanen,1.3349928528687685,UTA,PF,1443.0,34.4
311,Nick Richards,1.3411677505098845,2TM,C,701.0,14.6
312,Dwight Powell,1.3475799103122768,DAL,C,904.0,14.3
313,Isaiah Collier,1.3528146497439715,UTA,PG,1517.0,25.7
314,Nicolas Batum,1.358216932870313,LAC,PF,1295.0,17.5
315,Zion Williamson,1.3617384855954873,NOP,PF,1841.0,29.7
316,Davion Mitchell,1.3634283581155606,MIA,PG,2000.0,28.6
317,Shai Gilgeous-Alexander,1.3635035688774313,OKC,PG,2259.0,33.2
318,Darius Garland,1.3887277561333238,2TM,PG,1344.0,29.9
319,Tyus Jones,1.3951438034102166,3TM,PG,979.0,14.6
320,Mark Williams,1.3962707732368729,PHO,C,1416.0,23.6
321,Jalen Brunson,1.3993431871900261,NYK,PG,2590.0,35.0
322,Day'Ron Sharpe,1.422931815616538,BRK,C,1160.0,18.7
323,Anthony Davis,1.4312339264402303,DAL,PF,626.0,31.3
324,LaMelo Ball,1.4497639346104394,CHO,PG,2017.0,28.0
325,Dylan Cardwell,1.4515050005692658,SAC,C,907.0,20.6
326,Jamal Shead,1.4577207880737144,TOR,PG,1852.0,22.6
327,Moussa Cisse,1.4604357453970727,DAL,C,530.0,13.9
328,Kawhi Leonard,1.4630299859398566,LAC,SF,2085.0,32.1
329,Russell Westbrook,1.4821833521600225,SAC,SF,1853.0,29.0
330,Jalen Duren,1.4953120091590373,DET,C,1976.0,28.2
331,Isaiah Hartenstein,1.5017469276380473,OKC,C,1137.0,24.2
332,Kevin Durant,1.509958980281604,HOU,SF,2840.0,36.4
333,Kel'el Ware,1.5301152434215481,MIA,C,1704.0,22.1
334,James Harden,1.5305603060881294,2TM,PG,2438.0,34.8
335,Brook Lopez,1.5602150211902286,LAC,C,1635.0,21.8
336,Kevin Love,1.5679686333269394,UTA,PF,613.0,16.6
337,Clint Capela,1.569115262152084,HOU,C,926.0,12.3
338,Karl-Anthony Towns,1.6071938716717904,NYK,C,2322.0,31.0
339,Ja Morant,1.6881059796966367,MEM,PG,569.0,28.5
340,Mike Conley,1.7148699381405406,MIN,PG,991.0,18.4
341,Rudy Gobert,1.717802234668175,MIN,C,2380.0,31.3
342,Mitchell Robinson,1.7451719502128071,NYK,C,1175.0,19.6
343,Joel Embiid,1.7540706019456984,PHI,C,1201.0,31.6
344,Ryan Nembhard,1.7696812411944864,DAL,PG,1171.0,19.5
345,Steven Adams,1.7736961527333865,HOU,C,730.0,22.8
346,T.J. McConnell,1.7861593335639043,IND,PG,963.0,17.2
347,Stephen Curry,1.8342611502034,GSW,PG,1329.0,30.9
348,LeBron James,1.851269370764717,LAL,SF,1989.0,33.2
349,Giannis Antetokounmpo,1.9375951448682591,MIL,PF,1039.0,28.9
350,Andre Drummond,2.0098871912795966,PHI,C,1231.0,19.5
351,Donovan Clingan,2.0419072767587965,POR,C,2094.0,27.2
352,Victor Wembanyama,2.070282088654201,SAS,C,1866.0,29.2
