Rank,Player,basic_v4,team,pos,minutes,minutes_per_game
1,Jaden Ivey,0.2829853480846094,2TM,SG,670.0,18.1
2,Jaylon Tyson,0.31370495971701,CLE,SG,1777.0,26.9
3,Kyle Kuzma,0.3610918935869678,MIL,PF,1806.0,26.2
4,VJ Edgecombe,0.36983629739161583,PHI,SG,2623.0,35.0
5,Kevin Huerter,0.37517923812441034,2TM,SF,1549.0,22.4
6,Brandin Podziemski,0.4023371546117262,GSW,SG,2333.0,28.5
7,Toumani Camara,0.41320374782550956,POR,PF,2731.0,33.3
8,Jaden McDaniels,0.42115638876285827,MIN,PF,2316.0,31.7
9,Noah Clowney,0.4265714392376951,BRK,PF,1780.0,27.0
10,Kenrich Williams,0.4287129664298198,OKC,PF,855.0,15.3
11,Quentin Grimes,0.43190203595124116,PHI,SG,2206.0,29.4
12,Andrew Wiggins,0.43432602573647044,MIA,SF,2063.0,30.3
13,Donte DiVincenzo,0.44689105922802413,MIN,SG,2494.0,30.4
14,Jordan Miller,0.44869782831557864,LAC,SF,1325.0,22.1
15,Santi Aldama,0.4499391937469909,MEM,PF,1198.0,27.9
16,Cedric Coward,0.4523679262635132,MEM,SG,1598.0,25.8
17,Onyeka Okongwu,0.4579969784609785,ATL,C,2297.0,31.0
18,Amen Thompson,0.46401726953839323,HOU,PG,2953.0,37.4
19,Royce O'Neale,0.46890524229036695,PHO,SF,2213.0,28.4
20,Aaron Wiggins,0.47906793065612985,OKC,SG,1414.0,21.8
21,Naji Marshall,0.48252838714810015,DAL,SF,2184.0,29.5
22,Jarace Walker,0.49138049544857737,IND,PF,1953.0,25.7
23,Will Riley,0.5013964942402709,WAS,SF,1633.0,22.1
24,Mohamed Diawara,0.5043472143843604,NYK,SF,634.0,9.2
25,Tobias Harris,0.5043841763969136,DET,PF,1746.0,27.7
26,Dylan Harper,0.5058292238985885,SAS,SG,1558.0,22.6
27,Simone Fontecchio,0.5126397800358826,MIA,SF,1173.0,16.8
28,Egor Dëmin,0.5154353317112176,BRK,PG,1308.0,25.2
29,Ace Bailey,0.5179247709522462,UTA,SF,1988.0,27.6
30,Gui Santos,0.521840703105366,GSW,PF,1395.0,20.5
31,Buddy Hield,0.5285444818079668,2TM,SG,819.0,16.1
32,Peyton Watson,0.5360989500143091,DEN,SF,1598.0,29.6
33,Tyrese Martin,0.5423106692490868,2TM,SG,777.0,16.9
34,Desmond Bane,0.5489393547953427,ORL,SG,2756.0,33.6
35,Trey Murphy III,0.5528325632449318,NOP,SF,2341.0,35.5
36,P.J. Washington,0.5569691973471623,DAL,PF,1736.0,31.0
37,Kelly Oubre Jr.,0.5589038950674994,PHI,SF,1574.0,31.5
38,OG Anunoby,0.5589786237929911,NYK,PF,2224.0,33.2
39,Tristan Da Silva,0.559667354691858,ORL,SF,1899.0,24.7
40,Bones Hyland,0.5669935218645232,MIN,PG,1177.0,16.6
41,Kobe Brown,0.5676523056963106,2TM,PF,963.0,15.8
42,Ayo Dosunmu,0.5685733589050828,2TM,SG,1881.0,27.3
43,Grant Williams,0.5738379764237933,CHO,PF,711.0,19.8
44,Moses Moody,0.5756683052412707,GSW,SG,1540.0,25.7
45,Pelle Larsson,0.5761785882854333,MIA,SG,1849.0,26.4
46,Bruce Brown,0.5762170855024136,DEN,SG,1998.0,24.4
47,Zaccharie Risacher,0.5766760060749561,ATL,SF,1503.0,22.4
48,Sandro Mamukelashvili,0.577290314620388,TOR,C,1751.0,21.9
49,Naz Reid,0.5795466029360478,MIN,C,2007.0,26.1
50,Anthony Black,0.5817872235651124,ORL,PG,1910.0,29.8
51,Collin Gillespie,0.5824887987947447,PHO,PG,2282.0,28.5
52,Taylor Hendricks,0.5836488368766699,2TM,PF,1118.0,18.9
53,Nique Clifford,0.5890107266380439,SAC,SG,1882.0,25.1
54,Cooper Flagg,0.5909100239900222,DAL,SF,2344.0,33.5
55,Quenton Jackson,0.5910504998415624,IND,PG,897.0,18.3
56,Jamaree Bouyea,0.5917922012810218,PHO,PG,644.0,14.0
57,Quinten Post,0.5967791315743659,GSW,PF,1159.0,17.3
58,Bennedict Mathurin,0.5991674161227318,2TM,SF,1620.0,30.0
59,Khris Middleton,0.6003302664418496,2TM,SF,1439.0,22.8
60,Kentavious Caldwell-Pope,0.6028312750125544,MEM,SG,1088.0,21.3
61,Cody Williams,0.6097682321265231,UTA,SG,1631.0,24.3
62,Ajay Mitchell,0.6100607117283331,OKC,SG,1473.0,25.8
63,John Collins,0.6143520874359045,LAC,PF,1872.0,27.1
64,Taurean Prince,0.6171002061432294,MIL,SF,611.0,23.5
65,Nickeil Alexander-Walker,0.6215611688997394,ATL,SG,2603.0,33.4
66,Asa Newell,0.6223795769886544,ATL,PF,500.0,11.4
67,De'Andre Hunter,0.6240184855147732,2TM,SF,1176.0,26.1
68,Julian Strawther,0.6243456381341489,DEN,SG,861.0,15.1
69,Ousmane Dieng,0.6264799471628764,2TM,C,1099.0,19.3
70,Jaime Jaquez Jr.,0.6269265535847012,MIA,SF,2121.0,28.3
71,Javon Small,0.6277140751216719,MEM,PG,830.0,20.2
72,Jared McCain,0.6294837293712086,2TM,SG,1160.0,17.3
73,Kon Knueppel,0.6353988039573819,CHO,SF,2551.0,31.5
74,Jase Richardson,0.6361521924394244,ORL,SG,587.0,10.9
75,Wendell Carter Jr.,0.6376794125655939,ORL,C,2288.0,29.3
76,Jonathan Kuminga,0.6377034826535052,2TM,PF,830.0,23.1
77,Olivier-Maxence Prosper,0.6450989063368706,MEM,PF,984.0,18.6
78,Brice Sensabaugh,0.6461345123307869,UTA,SF,1762.0,23.5
79,Kobe Sanders,0.6464307547305911,LAC,SG,1351.0,19.9
80,Bilal Coulibaly,0.6467768201441844,WAS,SG,1468.0,26.2
81,Patrick Williams,0.6476511767252874,CHI,PF,1474.0,20.5
82,Miles Bridges,0.6499404570806081,CHO,PF,2387.0,31.0
83,RJ Barrett,0.6516715989308461,TOR,SF,1726.0,30.3
84,Danny Wolf,0.6529434134931303,BRK,PF,1187.0,20.8
85,Tre Johnson,0.655222493215355,WAS,SG,1443.0,24.1
86,Guerschon Yabusele,0.6581326929320024,2TM,C,1007.0,15.0
87,GG Jackson II,0.6584329723838085,MEM,PF,1178.0,21.4
88,Mikal Bridges,0.6622932279728801,NYK,SF,2692.0,32.8
89,Kasparas Jakučionis,0.6635703734902942,MIA,PG,945.0,17.8
90,Terance Mann,0.664065054830639,BRK,SG,1529.0,24.3
91,Nikola Jović,0.6716124195186262,MIA,PF,808.0,17.2
92,Franz Wagner,0.6719428416864,ORL,SF,1019.0,30.0
93,Zion Williamson,0.6768100782130043,NOP,PF,1841.0,29.7
94,Jerami Grant,0.6838582675494782,POR,PF,1695.0,29.7
95,Brandon Ingram,0.6867118011215876,TOR,SF,2604.0,33.8
96,Leonard Miller,0.686993643202034,2TM,SF,719.0,15.6
97,Aaron Nesmith,0.6899451088756988,IND,SF,1335.0,29.7
98,Ryan Dunn,0.6930836808132338,PHO,SF,1355.0,19.4
99,Kyshawn George,0.6931681666626689,WAS,SF,1391.0,29.0
100,CJ McCollum,0.6946013294179619,2TM,PG,2264.0,29.8
101,Brandon Miller,0.6986288253027867,CHO,SF,1968.0,30.3
102,Malik Monk,0.6988394489190498,SAC,SG,1364.0,22.0
103,Jaylen Wells,0.6995627268681869,MEM,SG,1821.0,26.4
104,Jabari Smith Jr.,0.7033376058583238,HOU,PF,2705.0,35.1
105,Jalen Wilson,0.7078753150584828,BRK,PF,859.0,15.9
106,Devin Carter,0.708184678758114,SAC,PG,700.0,18.4
107,Kyle Filipowski,0.7103086275790539,UTA,C,1801.0,23.4
108,Jevon Carter,0.7126776025284011,2TM,PG,867.0,16.4
109,Derrick White,0.7209998747406856,BOS,SG,2625.0,34.1
110,Ethan Thompson,0.7256645425072408,IND,SG,653.0,20.4
111,Jeremiah Fears,0.7264091802007555,NOP,PG,2112.0,25.8
112,Aaron Holiday,0.726546024989725,HOU,PG,781.0,13.7
113,Tari Eason,0.7274470177292012,HOU,PF,1549.0,25.8
114,Baylor Scheierman,0.7285441505180756,BOS,SG,1429.0,18.6
115,Julian Champagnie,0.7294885522221003,SAS,SF,2266.0,27.6
116,Julius Randle,0.7330686820853449,MIN,PF,2610.0,33.0
117,Gradey Dick,0.7343365253885956,TOR,SG,1067.0,14.0
118,Dominick Barlow,0.7353407571987282,PHI,PF,1689.0,23.8
119,Jake LaRavia,0.7398797816398056,LAL,PF,2061.0,25.1
120,Dalton Knecht,0.7412665323920318,LAL,SF,553.0,10.2
121,Josh Hart,0.7424905439593379,NYK,SF,1994.0,30.2
122,Devin Vassell,0.7433283953153131,SAS,SG,2044.0,30.5
123,Paul George,0.7435001383686413,PHI,PF,1135.0,30.7
124,Jamir Watkins,0.7446842567805928,WAS,SG,1032.0,20.6
125,Tyler Herro,0.7516964099491282,MIA,SG,1033.0,31.3
126,Noah Penda,0.7535181494008365,ORL,SF,757.0,12.8
127,Jabari Walker,0.7536820962449998,PHI,PF,762.0,11.9
128,Grayson Allen,0.7542272807312494,PHO,SG,1467.0,28.8
129,Tyrese Proctor,0.7574099114322747,CLE,PG,545.0,10.9
130,Dalen Terry,0.7600978371719396,2TM,SG,551.0,11.5
131,Jordan Clarkson,0.7609607319382063,NYK,SG,1279.0,17.8
132,Nic Claxton,0.762192089870928,BRK,C,1920.0,27.8
133,Caleb Martin,0.7631884795632211,DAL,SF,856.0,14.8
134,Miles McBride,0.7636522621040672,NYK,SG,1080.0,26.3
135,Caleb Love,0.7649809896356657,POR,SG,1013.0,20.7
136,Micah Potter,0.770908106445391,IND,C,908.0,19.3
137,Aaron Gordon,0.7754437425426391,DEN,PF,1005.0,27.9
138,Kyle Anderson,0.7757628634133102,3TM,SF,853.0,19.8
139,Vít Krejčí,0.7763475087270094,2TM,PG,1392.0,21.4
140,Christian Braun,0.7774679543562597,DEN,SG,1399.0,31.8
141,Max Christie,0.7787354615446846,DAL,SG,2244.0,29.1
142,Johnny Furphy,0.7799215521441322,IND,SG,643.0,18.4
143,Sion James,0.7822138336890289,CHO,SG,1843.0,22.5
144,DeMar DeRozan,0.7822550011358181,SAC,PF,2406.0,31.2
145,Jose Alvarado,0.7876169374994931,2TM,PG,1370.0,19.9
146,Cameron Johnson,0.7886337034562733,DEN,SF,1647.0,30.5
147,Ben Sheppard,0.7905054737188654,IND,SG,1390.0,21.4
148,Brandon Williams,0.791512659457384,DAL,PG,1463.0,22.2
149,Trendon Watford,0.7939627465700583,PHI,PF,864.0,16.3
150,Marcus Smart,0.7946606292308865,LAL,SG,1769.0,28.5
151,Ochai Agbaji,0.795323153200618,2TM,SG,973.0,15.7
152,Pascal Siakam,0.7959416630007984,IND,PF,2057.0,33.2
153,Tidjane Salaün,0.7979614535145813,CHO,PF,575.0,15.5
154,Precious Achiuwa,0.8004541053577862,SAC,C,1745.0,23.9
155,Jock Landale,0.8016984809511316,2TM,C,1506.0,22.1
156,Derrick Jones Jr.,0.8033706856400524,LAC,SF,1350.0,27.0
157,Pete Nance,0.8043895418841985,MIL,PF,737.0,15.7
158,Anthony Gill,0.8052201131599043,WAS,PF,951.0,17.3
159,Nikola Vučević,0.8067745353967924,2TM,C,1818.0,28.4
160,Carter Bryant,0.8077834243454183,SAS,PF,818.0,11.5
161,Hugo González,0.8089553630467629,BOS,SF,1084.0,14.6
162,Rasheer Fleming,0.8112190392445643,PHO,PF,673.0,12.2
163,Kris Murray,0.8115170355884503,POR,SF,1333.0,23.4
164,Terrence Shannon Jr.,0.8120428674108578,MIN,SG,538.0,12.5
165,Drake Powell,0.8151679788632181,BRK,SG,1320.0,21.0
166,Keldon Johnson,0.8152592760038939,SAS,SF,1911.0,23.3
167,Zeke Nnaji,0.8157981158138694,DEN,PF,626.0,12.0
168,Immanuel Quickley,0.8171968408837136,TOR,PG,2231.0,31.9
169,Payton Pritchard,0.8171991969596837,BOS,PG,2556.0,32.4
170,Saddiq Bey,0.8195613792885376,NOP,SF,2246.0,31.2
171,Caris LeVert,0.8207203515439525,DET,SG,1154.0,19.2
172,Sidy Cissoko,0.8236009276982872,POR,SF,1435.0,19.1
173,Keaton Wallace,0.8269789778512288,ATL,PG,536.0,10.1
174,Norman Powell,0.8287445848324103,MIA,SG,1717.0,29.6
175,Jalen Williams,0.8288480246533185,OKC,SG,936.0,28.4
176,Anfernee Simons,0.8292933936733301,2TM,SG,1372.0,24.9
177,Jordan Poole,0.829615623170402,NOP,PG,933.0,23.9
178,Josh Minott,0.8304883322631089,2TM,PF,834.0,17.0
179,Daeqwon Plowden,0.8324389115333428,SAC,SG,844.0,26.4
180,Jaren Jackson Jr.,0.834521283368715,2TM,C,1454.0,30.3
181,Zach LaVine,0.8362773537683571,SAC,SG,1224.0,31.4
182,Jordan Walsh,0.8366529405776443,BOS,PF,1212.0,17.8
183,Collin Murray-Boyles,0.8366651611688177,TOR,PF,1246.0,21.9
184,Bam Adebayo,0.8369510587741144,MIA,C,2365.0,32.4
185,Luguentz Dort,0.8393965730180654,OKC,SF,1849.0,26.8
186,Justin Champagnie,0.8441223258734669,WAS,SF,1377.0,20.0
187,Tre Mann,0.8462571253587129,CHO,PG,669.0,12.6
188,Jalen Pickett,0.8486637720136568,DEN,SG,807.0,16.1
189,Matas Buzelis,0.852600140056674,CHI,PF,2248.0,29.2
190,Gary Payton II,0.8551606744327195,GSW,SG,1142.0,15.6
191,Nae'Qwan Tomlin,0.8569481063539413,CLE,PF,1004.0,15.7
192,Harrison Barnes,0.8584093844479918,SAS,PF,1986.0,25.8
193,Daniss Jenkins,0.8627903855846257,DET,PG,1455.0,20.2
194,Dennis Schröder,0.8633891601264733,2TM,PG,1697.0,24.2
195,Rayan Rupert,0.8635987805906454,2TM,SG,1072.0,16.8
196,Pat Spencer,0.8667181158935243,GSW,PG,1229.0,18.6
197,Bobby Portis,0.8668943663904773,MIL,PF,1619.0,24.2
198,Tre Jones,0.8671947430793593,CHI,PG,1752.0,27.0
199,Svi Mykhailiuk,0.8703633505519258,UTA,SF,1156.0,23.1
200,Corey Kispert,0.8706511920041461,2TM,SF,1080.0,18.6
201,Al Horford,0.8734922055221871,GSW,C,969.0,21.5
202,Scoot Henderson,0.8741065441430107,POR,PG,748.0,24.9
203,Jaylin Williams,0.8759163599395638,OKC,PF,1277.0,19.6
204,De'Aaron Fox,0.8761556106504023,SAS,PG,2231.0,31.0
205,Ryan Rollins,0.8763578283232885,MIL,PG,2376.0,32.1
206,Nicolas Batum,0.8795096699092785,LAC,PF,1295.0,17.5
207,Reed Sheppard,0.8796427910678353,HOU,SG,2147.0,26.2
208,Jimmy Butler,0.8828899737073662,GSW,SF,1182.0,31.1
209,Isaiah Joe,0.8859089969669454,OKC,SG,1507.0,21.2
210,Austin Reaves,0.8891632306681041,LAL,SG,1762.0,34.5
211,Jordan Hawkins,0.8896886454752355,NOP,SG,692.0,13.6
212,Dillon Brooks,0.8916718252425303,PHO,SF,1702.0,30.4
213,Klay Thompson,0.8954441600754839,DAL,SF,1497.0,21.7
214,Luke Kennard,0.8973907293779896,2TM,SG,1681.0,21.6
215,Drew Eubanks,0.8998776724518077,SAC,C,552.0,13.1
216,Isaac Okoro,0.9011657544750621,CHI,SG,1695.0,26.9
217,Maxime Raynaud,0.9014429454687025,SAC,C,1964.0,26.5
218,Scottie Barnes,0.9047485755700807,TOR,PF,2681.0,33.5
219,Mike Conley,0.9161542960737892,MIN,PG,991.0,18.4
220,Sam Merrill,0.9196118170797855,CLE,SG,1377.0,26.5
221,Ron Holland,0.9219856775474949,DET,SF,1551.0,19.9
222,Oso Ighodaro,0.9245095811107574,PHO,PF,1808.0,22.0
223,Josh Okogie,0.9264078164848536,HOU,SG,1354.0,17.4
224,Brook Lopez,0.9279126545913413,LAC,C,1635.0,21.8
225,Jakob Poeltl,0.9297194060859185,TOR,C,1149.0,25.0
226,Jaden Hardy,0.9345678293952823,2TM,SG,898.0,15.8
227,Thomas Bryant,0.9406105862445999,CLE,C,732.0,12.2
228,Justin Edwards,0.9442510359859242,PHI,SF,977.0,15.3
229,Dyson Daniels,0.9453178265163421,ATL,SG,2520.0,33.2
230,Tristan Vukcevic,0.946984679481898,WAS,C,671.0,13.7
231,Lauri Markkanen,0.9492362624402225,UTA,PF,1443.0,34.4
232,Ja'Kobe Walter,0.9506275636743358,TOR,SG,1474.0,20.5
233,Keegan Murray,0.9508411125534958,SAC,PF,793.0,34.5
234,Michael Porter Jr.,0.9515334563128802,BRK,SF,1689.0,32.5
235,Jarrett Allen,0.9574919453047849,CLE,C,1519.0,27.1
236,Landry Shamet,0.9612693878110788,NYK,SG,1171.0,23.0
237,Jamison Battle,0.9637073924129048,TOR,SF,517.0,8.5
238,Herbert Jones,0.9649576993521131,NOP,SF,1588.0,28.4
239,Sharife Cooper,0.9680688472967092,WAS,PG,700.0,17.1
240,Kevin Durant,0.9702988462514924,HOU,SF,2840.0,36.4
241,Spencer Jones,0.9728704747870588,DEN,SF,1417.0,22.1
242,Mouhamed Gueye,0.9774234971215747,ATL,PF,1179.0,15.3
243,Paolo Banchero,0.9796533450177747,ORL,PF,2502.0,34.8
244,Josh Green,0.9819017527093566,CHO,SG,908.0,15.7
245,Ziaire Williams,0.9824063902924061,BRK,SF,1281.0,22.9
246,Vince Williams Jr.,0.9852011521695108,2TM,SG,820.0,20.5
247,Collin Sexton,0.9860931768012616,2TM,SG,1614.0,23.7
248,Bub Carrington,0.9867899668917952,WAS,PG,2271.0,27.7
249,Jarred Vanderbilt,0.9895194440884196,LAL,PF,1128.0,17.4
250,Sam Hauser,0.9903198139050285,BOS,PF,1934.0,24.8
251,Marvin Bagley III,0.9915902811094965,2TM,PF,1201.0,20.0
252,Duncan Robinson,0.9917238813664028,DET,SG,2113.0,27.4
253,Walter Clayton,0.994433664732501,2TM,PG,1410.0,20.4
254,Derik Queen,0.994473680722138,NOP,C,2023.0,25.0
255,Jalen Smith,0.9947228835521096,CHI,C,1095.0,20.7
256,Bryce McGowens,0.9953433393881653,NOP,SG,880.0,21.0
257,Jalen Green,1.002758012604329,PHO,SG,828.0,25.9
258,Jrue Holiday,1.0048241040352166,POR,PG,1560.0,29.4
259,Anthony Edwards,1.0084532323804318,MIN,SG,2137.0,35.0
260,Kevin Love,1.015585246678196,UTA,PF,613.0,16.6
261,Kristaps Porziņģis,1.0199012659055522,2TM,C,769.0,24.0
262,A.J. Green,1.0225011211438455,MIL,SG,2270.0,29.1
263,Will Richard,1.0229206947225187,GSW,SG,1377.0,20.0
264,Gary Harris,1.0236367303986986,MIL,SG,661.0,13.8
265,Craig Porter Jr.,1.026235398469816,CLE,PG,1148.0,17.9
266,Davion Mitchell,1.0413991389152677,MIA,PG,2000.0,28.6
267,Cam Spencer,1.042779686883235,MEM,SG,1714.0,23.8
268,Keyonte George,1.0504390644816628,UTA,PG,1786.0,33.1
269,Dean Wade,1.0557043414780884,CLE,PF,1318.0,22.3
270,Evan Mobley,1.0608320051271876,CLE,PF,2074.0,31.9
271,Gabe Vincent,1.063733370558732,2TM,PG,879.0,16.6
272,Jaylen Clark,1.0680932818334146,MIN,SG,888.0,13.1
273,Shaedon Sharpe,1.0685708857696856,POR,SG,1471.0,29.4
274,Rui Hachimura,1.0709136612327301,LAL,PF,1927.0,28.3
275,LeBron James,1.0716317038605225,LAL,SF,1989.0,33.2
276,Jett Howard,1.0723047454289862,ORL,SF,695.0,12.6
277,Elijah Harkless,1.075600056740873,UTA,SG,545.0,21.0
278,Luka Garza,1.0772930483846683,BOS,C,1118.0,16.2
279,Tyler Kolek,1.0821747280146266,NYK,PG,727.0,11.7
280,Alperen Şengün,1.09013420389666,HOU,C,2398.0,33.3
281,Jamal Murray,1.1008541325484307,DEN,PG,2652.0,35.4
282,Myles Turner,1.1016663451202195,MIL,C,1912.0,26.9
283,Dorian Finney-Smith,1.102406677459017,HOU,PF,620.0,16.8
284,Gary Trent Jr.,1.1145760576153436,MIL,SG,1377.0,21.2
285,Tyrese Maxey,1.1158542290366171,PHI,PG,2661.0,38.0
286,Keon Ellis,1.135150379333884,2TM,SG,1478.0,20.5
287,Kris Dunn,1.1377518526570825,LAC,PG,2230.0,27.2
288,Deandre Ayton,1.151729468147242,LAL,C,1958.0,27.2
289,Coby White,1.1570846546295268,2TM,SG,1249.0,25.0
290,Rob Dillingham,1.1597256981968431,2TM,PG,970.0,14.9
291,Jahmai Mashack,1.1610351839542825,MEM,SG,673.0,21.7
292,Tim Hardaway Jr.,1.1662980363291104,DEN,SG,2127.0,26.6
293,Andrew Nembhard,1.1785966532205125,IND,PG,1786.0,31.3
294,Kam Jones,1.190745216594335,IND,SG,616.0,16.6
295,Jordan Goodwin,1.1950307153966004,PHO,PG,1572.0,22.5
296,Micah Peavy,1.1992221792691344,NOP,SG,913.0,15.0
297,Alex Caruso,1.202024649496079,OKC,SG,1020.0,18.2
298,De'Anthony Melton,1.2096790586602837,GSW,PG,1125.0,23.0
299,Donovan Mitchell,1.2128528213012866,CLE,SG,2342.0,33.5
300,Mark Williams,1.2304553308682487,PHO,C,1416.0,23.6
301,Anthony Davis,1.236582582252687,DAL,PF,626.0,31.3
302,Stephon Castle,1.236623687245054,SAS,PG,2038.0,30.0
303,Jamal Shead,1.2381166903956644,TOR,PG,1852.0,22.6
304,Daniel Gafford,1.2420555366619837,DAL,C,1195.0,21.7
305,Nolan Traoré,1.2570248103532171,BRK,PG,1243.0,22.2
306,Stephen Curry,1.2576478707244165,GSW,PG,1329.0,30.9
307,James Harden,1.2580055165688389,2TM,PG,2438.0,34.8
308,Jalen Brunson,1.2700441161106601,NYK,PG,2590.0,35.0
309,Karlo Matković,1.272420333896314,NOP,PF,912.0,14.7
310,Isaiah Jackson,1.275545179296815,2TM,C,908.0,16.5
311,Devin Booker,1.2767192076424267,PHO,SG,2146.0,33.5
312,Jalen Johnson,1.276883957864446,ATL,SF,2532.0,35.2
313,Moussa Diabaté,1.2796655326439936,CHO,C,1899.0,26.0
314,Ivica Zubac,1.279822139102733,2TM,C,1446.0,30.1
315,Darius Garland,1.281801700985227,2TM,PG,1344.0,29.9
316,Jonathan Isaac,1.2821798040226324,ORL,PF,521.0,10.0
317,Cam Thomas,1.2836376592831793,2TM,SG,881.0,21.0
318,Tyus Jones,1.2840136521760346,3TM,PG,979.0,14.6
319,Alex Sarr,1.3015576954416848,WAS,C,1305.0,27.2
320,Deni Avdija,1.3111510872308576,POR,SF,2199.0,33.3
321,Karl-Anthony Towns,1.318375279682745,NYK,C,2322.0,31.0
322,Javonte Green,1.326409563951066,DET,SG,1446.0,17.6
323,Neemias Queta,1.327327537990126,BOS,C,1926.0,25.3
324,Dwight Powell,1.3330862929574128,DAL,C,904.0,14.3
325,Domantas Sabonis,1.3385266545008867,SAC,C,564.0,29.7
326,Jaxson Hayes,1.3487138015326308,LAL,C,1207.0,18.3
327,Jayson Tatum,1.3494977799591028,BOS,PF,522.0,32.6
328,Russell Westbrook,1.3536937184958893,SAC,SF,1853.0,29.0
329,Joel Embiid,1.3548785644093868,PHI,C,1201.0,31.6
330,Cason Wallace,1.3564649593762548,OKC,SG,2046.0,26.6
331,Ben Saraf,1.356866840749516,BRK,SG,916.0,20.8
332,Jalen Duren,1.365874065532765,DET,C,1976.0,28.2
333,Isaiah Hartenstein,1.3722715357504607,OKC,C,1137.0,24.2
334,Jalen Suggs,1.3739589437218158,ORL,PG,1574.0,27.6
335,Luke Kornet,1.3755612745823553,SAS,C,1430.0,21.0
336,Jaylen Brown,1.4020732963913982,BOS,SF,2443.0,34.4
337,Draymond Green,1.4053526732451946,GSW,PF,1869.0,27.5
338,Kevin Porter Jr.,1.405545153485621,MIL,PG,1261.0,33.2
339,Isaiah Collier,1.4203874830387617,UTA,PG,1517.0,25.7
340,Ryan Nembhard,1.4205868232047891,DAL,PG,1171.0,19.5
341,Kawhi Leonard,1.4262720213519509,LAC,SF,2085.0,32.1
342,Ausar Thompson,1.4382893757862656,DET,SF,1896.0,26.0
343,Rudy Gobert,1.4427154228821302,MIN,C,2380.0,31.3
344,Kel'el Ware,1.446088819441482,MIA,C,1704.0,22.1
345,John Konchar,1.4477040956016516,2TM,SG,1115.0,19.9
346,Chet Holmgren,1.4568244205749388,OKC,PF,1997.0,28.9
347,Isaiah Stewart,1.4890427160795396,DET,C,1317.0,22.7
348,Jonas Valančiūnas,1.4925334541206565,DEN,C,871.0,13.4
349,Adem Bona,1.494750687935044,PHI,C,1234.0,17.4
350,Jusuf Nurkić,1.495333305924714,UTA,C,1083.0,26.4
351,Goga Bitadze,1.4968147856334324,ORL,C,972.0,15.2
352,Nick Richards,1.497049882713193,2TM,C,701.0,14.6
353,Shai Gilgeous-Alexander,1.4971405887435436,OKC,PG,2259.0,33.2
354,Cole Anthony,1.5330959944061893,MIL,PG,527.0,15.1
355,Josh Giddey,1.5337710642873603,CHI,PG,1731.0,32.1
356,Jay Huff,1.5382179467262647,IND,C,1719.0,21.0
357,Andre Drummond,1.5397780819574247,PHI,C,1231.0,19.5
358,LaMelo Ball,1.5449871266543806,CHO,PG,2017.0,28.0
359,Steven Adams,1.5668143287193015,HOU,C,730.0,22.8
360,Lonzo Ball,1.57242751726718,CLE,PG,728.0,20.8
361,Day'Ron Sharpe,1.5950494408657567,BRK,C,1160.0,18.7
362,T.J. McConnell,1.6324648220148634,IND,PG,963.0,17.2
363,Cade Cunningham,1.6343046563859651,DET,PG,2172.0,33.9
364,Dru Smith,1.671975140444565,MIA,SG,1141.0,16.3
365,Donovan Clingan,1.70447199113607,POR,C,2094.0,27.2
366,Ryan Kalkbrenner,1.748873628236716,CHO,C,1479.0,21.4
367,Yves Missi,1.7509270260044199,NOP,C,1297.0,19.7
368,Clint Capela,1.752379371439292,HOU,C,926.0,12.3
369,Ja Morant,1.7549280180366678,MEM,PG,569.0,28.5
370,Paul Reed,1.7634550091185583,DET,C,901.0,13.9
371,Dylan Cardwell,1.7908238540403614,SAC,C,907.0,20.6
372,Luka Dončić,1.8476145769544647,LAL,PG,2289.0,35.8
373,Jericho Sims,1.8535832003660546,MIL,C,1318.0,19.7
374,Giannis Antetokounmpo,1.9343888022474462,MIL,PF,1039.0,28.9
375,Moussa Cisse,1.985878478938269,DAL,C,530.0,13.9
376,Robert Williams,2.092036275353986,POR,C,1008.0,17.1
377,Nikola Jokić,2.133651063594118,DEN,C,2265.0,34.8
378,Mitchell Robinson,2.173745189523177,NYK,C,1175.0,19.6
379,Victor Wembanyama,2.440229986768547,SAS,C,1866.0,29.2
