Rank,Player,basic_v5,team,pos,minutes,minutes_per_game
1,Kyle Kuzma,0.3778961620683566,MIL,PF,1806.0,26.2
2,Jaden Ivey,0.3839202211668459,2TM,SG,670.0,18.1
3,Cedric Coward,0.3880155444714493,MEM,SG,1598.0,25.8
4,Andrew Wiggins,0.39431724623157804,MIA,SF,2063.0,30.3
5,Jaylon Tyson,0.4071771543970771,CLE,SG,1777.0,26.9
6,Quentin Grimes,0.42305064914496815,PHI,SG,2206.0,29.4
7,Kenrich Williams,0.42330536595366797,OKC,PF,855.0,15.3
8,Aaron Wiggins,0.42673535187819567,OKC,SG,1414.0,21.8
9,VJ Edgecombe,0.43821555580904653,PHI,SG,2623.0,35.0
10,Will Riley,0.44205504958835,WAS,SF,1633.0,22.1
11,Kevin Huerter,0.4490064150464655,2TM,SF,1549.0,22.4
12,Jarace Walker,0.4640057033293915,IND,PF,1953.0,25.7
13,Kelly Oubre Jr.,0.4642745082726763,PHI,SF,1574.0,31.5
14,Anthony Black,0.46455361941720447,ORL,PG,1910.0,29.8
15,Jaden McDaniels,0.47608657455238457,MIN,PF,2316.0,31.7
16,Brandin Podziemski,0.4841175741276149,GSW,SG,2333.0,28.5
17,Santi Aldama,0.5093803926031004,MEM,PF,1198.0,27.9
18,Peyton Watson,0.5095965099675562,DEN,SF,1598.0,29.6
19,Ayo Dosunmu,0.512131423833315,2TM,SG,1881.0,27.3
20,Tristan Da Silva,0.5123042001324193,ORL,SF,1899.0,24.7
21,Quenton Jackson,0.5135698696070548,IND,PG,897.0,18.3
22,Desmond Bane,0.5149299333565727,ORL,SG,2756.0,33.6
23,Jase Richardson,0.5237571682006141,ORL,SG,587.0,10.9
24,Onyeka Okongwu,0.5262428877670356,ATL,C,2297.0,31.0
25,Kobe Brown,0.5431998266009727,2TM,PF,963.0,15.8
26,Naz Reid,0.5446129732804726,MIN,C,2007.0,26.1
27,Nique Clifford,0.5501873664289028,SAC,SG,1882.0,25.1
28,GG Jackson II,0.5533708385995038,MEM,PF,1178.0,21.4
29,Nickeil Alexander-Walker,0.5542164273441025,ATL,SG,2603.0,33.4
30,Terance Mann,0.5557858680055685,BRK,SG,1529.0,24.3
31,Noah Clowney,0.5580323173424496,BRK,PF,1780.0,27.0
32,Miles Bridges,0.5590583691160056,CHO,PF,2387.0,31.0
33,P.J. Washington,0.5627478958685441,DAL,PF,1736.0,31.0
34,Bilal Coulibaly,0.5635311980997224,WAS,SG,1468.0,26.2
35,Zaccharie Risacher,0.5679338149687702,ATL,SF,1503.0,22.4
36,Tyrese Martin,0.5743095943621908,2TM,SG,777.0,16.9
37,RJ Barrett,0.5772793865831731,TOR,SF,1726.0,30.3
38,Gui Santos,0.5776677417741223,GSW,PF,1395.0,20.5
39,Danny Wolf,0.5777612566852272,BRK,PF,1187.0,20.8
40,Dylan Harper,0.5793183239732038,SAS,SG,1558.0,22.6
41,Julian Strawther,0.5840028990684091,DEN,SG,861.0,15.1
42,Trey Murphy III,0.5849546375136723,NOP,SF,2341.0,35.5
43,Pelle Larsson,0.585027101228075,MIA,SG,1849.0,26.4
44,Jerami Grant,0.5878858821872631,POR,PF,1695.0,29.7
45,Jordan Miller,0.5921966765827431,LAC,SF,1325.0,22.1
46,Jonathan Kuminga,0.592365956574939,2TM,PF,830.0,23.1
47,De'Andre Hunter,0.5940676623528443,2TM,SF,1176.0,26.1
48,Brice Sensabaugh,0.5974893155476196,UTA,SF,1762.0,23.5
49,Tobias Harris,0.5983209091931874,DET,PF,1746.0,27.7
50,Kobe Sanders,0.6008223862804648,LAC,SG,1351.0,19.9
51,Mohamed Diawara,0.6028487754142224,NYK,SF,634.0,9.2
52,Taylor Hendricks,0.6084143921272066,2TM,PF,1118.0,18.9
53,Toumani Camara,0.6105507349014216,POR,PF,2731.0,33.3
54,Josh Hart,0.6162968146186935,NYK,SF,1994.0,30.2
55,Kon Knueppel,0.6170502662946892,CHO,SF,2551.0,31.5
56,Tari Eason,0.6187853094850956,HOU,PF,1549.0,25.8
57,Sandro Mamukelashvili,0.6197119467682742,TOR,C,1751.0,21.9
58,OG Anunoby,0.6202599866062681,NYK,PF,2224.0,33.2
59,Wendell Carter Jr.,0.6209825259242088,ORL,C,2288.0,29.3
60,Jared McCain,0.6228338097334987,2TM,SG,1160.0,17.3
61,Nikola Jović,0.6256512488315865,MIA,PF,808.0,17.2
62,Olivier-Maxence Prosper,0.6311386881670337,MEM,PF,984.0,18.6
63,Bruce Brown,0.6327043476645202,DEN,SG,1998.0,24.4
64,Aaron Gordon,0.6333015753256209,DEN,PF,1005.0,27.9
65,Patrick Williams,0.6386484323067532,CHI,PF,1474.0,20.5
66,Saddiq Bey,0.644740905748727,NOP,SF,2246.0,31.2
67,Jordan Clarkson,0.6456703082536384,NYK,SG,1279.0,17.8
68,Brandon Miller,0.6490237825107085,CHO,SF,1968.0,30.3
69,Noah Penda,0.6498283799527845,ORL,SF,757.0,12.8
70,Buddy Hield,0.6575694041702078,2TM,SG,819.0,16.1
71,Jaylen Wells,0.657694385540869,MEM,SG,1821.0,26.4
72,Jalen Wilson,0.6612834979497223,BRK,PF,859.0,15.9
73,Quinten Post,0.6622916778439857,GSW,PF,1159.0,17.3
74,Norman Powell,0.6652994604186001,MIA,SG,1717.0,29.6
75,Julius Randle,0.6688836925553512,MIN,PF,2610.0,33.0
76,Malik Monk,0.6689343078238972,SAC,SG,1364.0,22.0
77,Naji Marshall,0.6745145763939772,DAL,SF,2184.0,29.5
78,Jock Landale,0.6767583821198007,2TM,C,1506.0,22.1
79,Jamir Watkins,0.6780695421827091,WAS,SG,1032.0,20.6
80,Mikal Bridges,0.6781438222427161,NYK,SF,2692.0,32.8
81,Jabari Smith Jr.,0.6783412427518872,HOU,PF,2705.0,35.1
82,Franz Wagner,0.6835244754435119,ORL,SF,1019.0,30.0
83,Ace Bailey,0.6847445411069172,UTA,SF,1988.0,27.6
84,Dalen Terry,0.6856056516751673,2TM,SG,551.0,11.5
85,Aaron Nesmith,0.6891092861716894,IND,SF,1335.0,29.7
86,Bennedict Mathurin,0.6897547336088209,2TM,SF,1620.0,30.0
87,Jake LaRavia,0.6915392252923016,LAL,PF,2061.0,25.1
88,Drake Powell,0.6927646485990885,BRK,SG,1320.0,21.0
89,Cameron Johnson,0.692764876426789,DEN,SF,1647.0,30.5
90,Kyle Filipowski,0.6965558878559948,UTA,C,1801.0,23.4
91,Moses Moody,0.6965811616282028,GSW,SG,1540.0,25.7
92,Guerschon Yabusele,0.6966450891746012,2TM,C,1007.0,15.0
93,Rayan Rupert,0.6984501112351338,2TM,SG,1072.0,16.8
94,Caris LeVert,0.6985548444200725,DET,SG,1154.0,19.2
95,Kyshawn George,0.7013055824758895,WAS,SF,1391.0,29.0
96,Bam Adebayo,0.7016582800841477,MIA,C,2365.0,32.4
97,Dalton Knecht,0.7043507111928143,LAL,SF,553.0,10.2
98,John Collins,0.7046129135226907,LAC,PF,1872.0,27.1
99,Max Christie,0.7119243374775583,DAL,SG,2244.0,29.1
100,Gradey Dick,0.7131921355610383,TOR,SG,1067.0,14.0
101,Ethan Thompson,0.7133395780506958,IND,SG,653.0,20.4
102,Ajay Mitchell,0.7150016269013693,OKC,SG,1473.0,25.8
103,Simone Fontecchio,0.7264938445037167,MIA,SF,1173.0,16.8
104,Hugo González,0.7272927091857726,BOS,SF,1084.0,14.6
105,Ousmane Dieng,0.7331578432353019,2TM,C,1099.0,19.3
106,Derrick Jones Jr.,0.7342190056200584,LAC,SF,1350.0,27.0
107,Matas Buzelis,0.7354769060617987,CHI,PF,2248.0,29.2
108,Marcus Smart,0.7374509895013014,LAL,SG,1769.0,28.5
109,Jeremiah Fears,0.7389215771095669,NOP,PG,2112.0,25.8
110,Scoot Henderson,0.7476032721347484,POR,PG,748.0,24.9
111,Jabari Walker,0.7496561821553139,PHI,PF,762.0,11.9
112,Bones Hyland,0.7499266440277693,MIN,PG,1177.0,16.6
113,Johnny Furphy,0.7516003875523248,IND,SG,643.0,18.4
114,Jordan Walsh,0.7553161892385785,BOS,PF,1212.0,17.8
115,Tre Johnson,0.7554060163621925,WAS,SG,1443.0,24.1
116,Terrence Shannon Jr.,0.756151675130893,MIN,SG,538.0,12.5
117,Justin Champagnie,0.7570917720544635,WAS,SF,1377.0,20.0
118,Caleb Love,0.7582936745156262,POR,SG,1013.0,20.7
119,Kasparas Jakučionis,0.7590527910246454,MIA,PG,945.0,17.8
120,Tidjane Salaün,0.7610971294266027,CHO,PF,575.0,15.5
121,Egor Dëmin,0.7612119428938164,BRK,PG,1308.0,25.2
122,Sion James,0.7627805214911172,CHO,SG,1843.0,22.5
123,Christian Braun,0.7637703366775893,DEN,SG,1399.0,31.8
124,Leonard Miller,0.7647326002810754,2TM,SF,719.0,15.6
125,Lauri Markkanen,0.7661807057286606,UTA,PF,1443.0,34.4
126,Josh Minott,0.7664031058754847,2TM,PF,834.0,17.0
127,Ben Sheppard,0.7674514510022935,IND,SG,1390.0,21.4
128,Brandon Williams,0.7698539230798408,DAL,PG,1463.0,22.2
129,Ochai Agbaji,0.7732327722484311,2TM,SG,973.0,15.7
130,Immanuel Quickley,0.7733915470481245,TOR,PG,2231.0,31.9
131,Tyrese Proctor,0.7741209145906737,CLE,PG,545.0,10.9
132,Herbert Jones,0.7756734662977236,NOP,SF,1588.0,28.4
133,Sidy Cissoko,0.7757533203941346,POR,SF,1435.0,19.1
134,Jaime Jaquez Jr.,0.7771530362979933,MIA,SF,2121.0,28.3
135,Jose Alvarado,0.7782251950494703,2TM,PG,1370.0,19.9
136,Nikola Vučević,0.7801886731617851,2TM,C,1818.0,28.4
137,Micah Potter,0.7817760465240903,IND,C,908.0,19.3
138,Cody Williams,0.7852417973008874,UTA,SG,1631.0,24.3
139,Pete Nance,0.7864919642736784,MIL,PF,737.0,15.7
140,Tyler Herro,0.7867634243955969,MIA,SG,1033.0,31.3
141,Ryan Dunn,0.7916104119763814,PHO,SF,1355.0,19.4
142,Justin Edwards,0.7922525476783316,PHI,SF,977.0,15.3
143,Keldon Johnson,0.7935095106533614,SAS,SF,1911.0,23.3
144,Derrick White,0.7941150937590011,BOS,SG,2625.0,34.1
145,Jamaree Bouyea,0.7948219565019929,PHO,PG,644.0,14.0
146,Donte DiVincenzo,0.7958606949693346,MIN,SG,2494.0,30.4
147,Devin Carter,0.7969953331499883,SAC,PG,700.0,18.4
148,Carter Bryant,0.7978928333997514,SAS,PF,818.0,11.5
149,Bryce McGowens,0.7985085460053276,NOP,SG,880.0,21.0
150,Daniss Jenkins,0.7987428357291293,DET,PG,1455.0,20.2
151,Grant Williams,0.8020893871769987,CHO,PF,711.0,19.8
152,Jalen Pickett,0.8032181137111647,DEN,SG,807.0,16.1
153,Pascal Siakam,0.8054503060232088,IND,PF,2057.0,33.2
154,Asa Newell,0.8062413875457911,ATL,PF,500.0,11.4
155,CJ McCollum,0.8105525741119773,2TM,PG,2264.0,29.8
156,Collin Sexton,0.8106663554072892,2TM,SG,1614.0,23.7
157,Zach LaVine,0.8183337274396794,SAC,SG,1224.0,31.4
158,Zeke Nnaji,0.819220373585196,DEN,PF,626.0,12.0
159,Jaren Jackson Jr.,0.832063424122584,2TM,C,1454.0,30.3
160,Brook Lopez,0.8324510971831067,LAC,C,1635.0,21.8
161,Harrison Barnes,0.835495011374374,SAS,PF,1986.0,25.8
162,Craig Porter Jr.,0.8363947356148395,CLE,PG,1148.0,17.9
163,Kris Murray,0.8364034885566402,POR,SF,1333.0,23.4
164,Taurean Prince,0.8369704744300259,MIL,SF,611.0,23.5
165,Svi Mykhailiuk,0.8381136347130999,UTA,SF,1156.0,23.1
166,Corey Kispert,0.8383605983375031,2TM,SF,1080.0,18.6
167,Ziaire Williams,0.8383696774623207,BRK,SF,1281.0,22.9
168,Cooper Flagg,0.8396132221892333,DAL,SF,2344.0,33.5
169,Michael Porter Jr.,0.8443718671695388,BRK,SF,1689.0,32.5
170,Tristan Vukcevic,0.8468287553537438,WAS,C,671.0,13.7
171,Daeqwon Plowden,0.8481780563713681,SAC,SG,844.0,26.4
172,Al Horford,0.8494043280530307,GSW,C,969.0,21.5
173,De'Aaron Fox,0.85046835489132,SAS,PG,2231.0,31.0
174,Ron Holland,0.8511728625515713,DET,SF,1551.0,19.9
175,Jaden Hardy,0.8512075481760395,2TM,SG,898.0,15.8
176,Tre Jones,0.8531290802814883,CHI,PG,1752.0,27.0
177,Thomas Bryant,0.854050486146992,CLE,C,732.0,12.2
178,Grayson Allen,0.8562412912926423,PHO,SG,1467.0,28.8
179,Scottie Barnes,0.8630773065853843,TOR,PF,2681.0,33.5
180,Luke Kennard,0.8631310318418262,2TM,SG,1681.0,21.6
181,Amen Thompson,0.863982541774095,HOU,PG,2953.0,37.4
182,Collin Gillespie,0.8642170118649218,PHO,PG,2282.0,28.5
183,Anthony Gill,0.8650877112569403,WAS,PF,951.0,17.3
184,Austin Reaves,0.8651258519241918,LAL,SG,1762.0,34.5
185,Caleb Martin,0.8654756601665865,DAL,SF,856.0,14.8
186,Baylor Scheierman,0.8679183625115863,BOS,SG,1429.0,18.6
187,Miles McBride,0.8705108988871804,NYK,SG,1080.0,26.3
188,Javon Small,0.8716045883216075,MEM,PG,830.0,20.2
189,Kentavious Caldwell-Pope,0.8727285360418064,MEM,SG,1088.0,21.3
190,Aaron Holiday,0.8728266212861914,HOU,PG,781.0,13.7
191,Rasheer Fleming,0.8738534265400753,PHO,PF,673.0,12.2
192,Tre Mann,0.874624159426352,CHO,PG,669.0,12.6
193,Elijah Harkless,0.8789111478042763,UTA,SG,545.0,21.0
194,Jett Howard,0.8815633978075234,ORL,SF,695.0,12.6
195,Jimmy Butler,0.8819704118057944,GSW,SF,1182.0,31.1
196,Paolo Banchero,0.8837267312756509,ORL,PF,2502.0,34.8
197,Davion Mitchell,0.8846376325641438,MIA,PG,2000.0,28.6
198,Devin Vassell,0.8858889684272307,SAS,SG,2044.0,30.5
199,Walter Clayton,0.8860499331387137,2TM,PG,1410.0,20.4
200,Vince Williams Jr.,0.8873420042286119,2TM,SG,820.0,20.5
201,Dennis Schröder,0.8898558572650461,2TM,PG,1697.0,24.2
202,Paul George,0.891852350298079,PHI,PF,1135.0,30.7
203,Kristaps Porziņģis,0.8922832899246953,2TM,C,769.0,24.0
204,Pat Spencer,0.8922888483168389,GSW,PG,1229.0,18.6
205,Luka Garza,0.8924924378641705,BOS,C,1118.0,16.2
206,Julian Champagnie,0.8953967142617094,SAS,SF,2266.0,27.6
207,Isaac Okoro,0.8967698741674948,CHI,SG,1695.0,26.9
208,Gary Payton II,0.8973112927658153,GSW,SG,1142.0,15.6
209,Josh Okogie,0.8993845057945626,HOU,SG,1354.0,17.4
210,Jevon Carter,0.899702513488116,2TM,PG,867.0,16.4
211,Jordan Poole,0.9002270858175931,NOP,PG,933.0,23.9
212,Jamison Battle,0.9081734368906628,TOR,SF,517.0,8.5
213,Ryan Rollins,0.9138133786073455,MIL,PG,2376.0,32.1
214,Jalen Smith,0.9138482395957238,CHI,C,1095.0,20.7
215,Jaylen Clark,0.9147958256838167,MIN,SG,888.0,13.1
216,Trendon Watford,0.9199013141939645,PHI,PF,864.0,16.3
217,Reed Sheppard,0.9204931518921118,HOU,SG,2147.0,26.2
218,Will Richard,0.9212792226267883,GSW,SG,1377.0,20.0
219,Kris Dunn,0.9237389558043303,LAC,PG,2230.0,27.2
220,Keaton Wallace,0.924475073838792,ATL,PG,536.0,10.1
221,Luguentz Dort,0.9293591733276751,OKC,SF,1849.0,26.8
222,Jahmai Mashack,0.9310289876154474,MEM,SG,673.0,21.7
223,Precious Achiuwa,0.9324905910203867,SAC,C,1745.0,23.9
224,Royce O'Neale,0.9352275837831491,PHO,SF,2213.0,28.4
225,Keyonte George,0.9396928912118102,UTA,PG,1786.0,33.1
226,Keegan Murray,0.9405362880186483,SAC,PF,793.0,34.5
227,Payton Pritchard,0.9407801741570864,BOS,PG,2556.0,32.4
228,Ja'Kobe Walter,0.9451922014051594,TOR,SG,1474.0,20.5
229,Micah Peavy,0.948377331904496,NOP,SG,913.0,15.0
230,Sharife Cooper,0.9510830836413291,WAS,PG,700.0,17.1
231,Spencer Jones,0.9511261103924955,DEN,SF,1417.0,22.1
232,Jalen Williams,0.9540015956621769,OKC,SG,936.0,28.4
233,Tyler Kolek,0.9550350574388567,NYK,PG,727.0,11.7
234,Myles Turner,0.9558232687439167,MIL,C,1912.0,26.9
235,Bobby Portis,0.956418638745192,MIL,PF,1619.0,24.2
236,Mouhamed Gueye,0.9604768169594149,ATL,PF,1179.0,15.3
237,Jordan Goodwin,0.9648355731478944,PHO,PG,1572.0,22.5
238,De'Anthony Melton,0.9681854484835454,GSW,PG,1125.0,23.0
239,LeBron James,0.9686173379319217,LAL,SF,1989.0,33.2
240,Gary Harris,0.972034397014285,MIL,SG,661.0,13.8
241,Nae'Qwan Tomlin,0.9734522200696905,CLE,PF,1004.0,15.7
242,Rob Dillingham,0.981811052764514,2TM,PG,970.0,14.9
243,Derik Queen,0.9861302953387605,NOP,C,2023.0,25.0
244,Evan Mobley,0.9928749577035281,CLE,PF,2074.0,31.9
245,Vít Krejčí,0.9960444961339981,2TM,PG,1392.0,21.4
246,Coby White,0.9966225493736423,2TM,SG,1249.0,25.0
247,Kam Jones,1.0000106107183044,IND,SG,616.0,16.6
248,Jrue Holiday,1.0023987801495133,POR,PG,1560.0,29.4
249,Dyson Daniels,1.0027536341949588,ATL,SG,2520.0,33.2
250,Dominick Barlow,1.0071425163849477,PHI,PF,1689.0,23.8
251,Nolan Traoré,1.0116624048290697,BRK,PG,1243.0,22.2
252,Stephon Castle,1.0122784338053363,SAS,PG,2038.0,30.0
253,Kevin Love,1.014284325518283,UTA,PF,613.0,16.6
254,Keon Ellis,1.0159706231556282,2TM,SG,1478.0,20.5
255,Mike Conley,1.0177971160283672,MIN,PG,991.0,18.4
256,Anfernee Simons,1.0182613957076672,2TM,SG,1372.0,24.9
257,Jalen Green,1.0264539233557533,PHO,SG,828.0,25.9
258,Jamal Shead,1.0271884145410908,TOR,PG,1852.0,22.6
259,Jaylin Williams,1.0277255375352685,OKC,PF,1277.0,19.6
260,Tyrese Maxey,1.031381448476754,PHI,PG,2661.0,38.0
261,Alex Caruso,1.0340417055765452,OKC,SG,1020.0,18.2
262,Landry Shamet,1.0343107069687987,NYK,SG,1171.0,23.0
263,Dillon Brooks,1.0386418581454684,PHO,SF,1702.0,30.4
264,Cam Spencer,1.0411612790820062,MEM,SG,1714.0,23.8
265,Khris Middleton,1.0435461600662448,2TM,SF,1439.0,22.8
266,Cason Wallace,1.0488400335651686,OKC,SG,2046.0,26.6
267,Collin Murray-Boyles,1.052236965367918,TOR,PF,1246.0,21.9
268,Deni Avdija,1.0524575345766558,POR,SF,2199.0,33.3
269,Dean Wade,1.0527901453185233,CLE,PF,1318.0,22.3
270,Jalen Johnson,1.0603036489336883,ATL,SF,2532.0,35.2
271,Duncan Robinson,1.0620521657327586,DET,SG,2113.0,27.4
272,Isaiah Joe,1.0630738700024898,OKC,SG,1507.0,21.2
273,Rui Hachimura,1.065102926843613,LAL,PF,1927.0,28.3
274,Shaedon Sharpe,1.0687157315903246,POR,SG,1471.0,29.4
275,Sam Merrill,1.0712570333696139,CLE,SG,1377.0,26.5
276,Klay Thompson,1.0831221462936798,DAL,SF,1497.0,21.7
277,Anthony Edwards,1.0838485693489452,MIN,SG,2137.0,35.0
278,Tyus Jones,1.0849724146406727,3TM,PG,979.0,14.6
279,Karl-Anthony Towns,1.0886022883258955,NYK,C,2322.0,31.0
280,Gary Trent Jr.,1.0955854933714024,MIL,SG,1377.0,21.2
281,Jordan Hawkins,1.1063850319278672,NOP,SG,692.0,13.6
282,Javonte Green,1.1068599997263484,DET,SG,1446.0,17.6
283,Josh Green,1.1092204291991163,CHO,SG,908.0,15.7
284,Dorian Finney-Smith,1.1098801877296494,HOU,PF,620.0,16.8
285,Brandon Ingram,1.1124164435537227,TOR,SF,2604.0,33.8
286,Donovan Mitchell,1.113374771201638,CLE,SG,2342.0,33.5
287,Tim Hardaway Jr.,1.1146301855985412,DEN,SG,2127.0,26.6
288,Stephen Curry,1.1158934118429855,GSW,PG,1329.0,30.9
289,Jalen Suggs,1.1248133137911067,ORL,PG,1574.0,27.6
290,Ben Saraf,1.1253491388469878,BRK,SG,916.0,20.8
291,Alex Sarr,1.1253749494740604,WAS,C,1305.0,27.2
292,Marvin Bagley III,1.1310524568472493,2TM,PF,1201.0,20.0
293,Russell Westbrook,1.1317567803311352,SAC,SF,1853.0,29.0
294,Alperen Şengün,1.1350772162039706,HOU,C,2398.0,33.3
295,Gabe Vincent,1.1468174200606602,2TM,PG,879.0,16.6
296,Jamal Murray,1.1469113995353228,DEN,PG,2652.0,35.4
297,Nic Claxton,1.1544471881144696,BRK,C,1920.0,27.8
298,Zion Williamson,1.1568861387840081,NOP,PF,1841.0,29.7
299,Chet Holmgren,1.1592193486527829,OKC,PF,1997.0,28.9
300,John Konchar,1.1605120290617563,2TM,SG,1115.0,19.9
301,Bub Carrington,1.173198492265344,WAS,PG,2271.0,27.7
302,Jarred Vanderbilt,1.185058781863049,LAL,PF,1128.0,17.4
303,Andrew Nembhard,1.1865976082325518,IND,PG,1786.0,31.3
304,Jakob Poeltl,1.1867437616231924,TOR,C,1149.0,25.0
305,Anthony Davis,1.187370628388256,DAL,PF,626.0,31.3
306,Darius Garland,1.1880046496606802,2TM,PG,1344.0,29.9
307,Maxime Raynaud,1.1908623198174029,SAC,C,1964.0,26.5
308,Sam Hauser,1.1966822846353902,BOS,PF,1934.0,24.8
309,Jonathan Isaac,1.2077673618003322,ORL,PF,521.0,10.0
310,Draymond Green,1.2141033623789772,GSW,PF,1869.0,27.5
311,Karlo Matković,1.2242139960175915,NOP,PF,912.0,14.7
312,Josh Giddey,1.2249180176920094,CHI,PG,1731.0,32.1
313,Kel'el Ware,1.2288553008534713,MIA,C,1704.0,22.1
314,Domantas Sabonis,1.2532673704683022,SAC,C,564.0,29.7
315,A.J. Green,1.2560294636560154,MIL,SG,2270.0,29.1
316,Isaiah Stewart,1.271527126711388,DET,C,1317.0,22.7
317,Jayson Tatum,1.278928727057916,BOS,PF,522.0,32.6
318,Cam Thomas,1.2822302628599165,2TM,SG,881.0,21.0
319,Kyle Anderson,1.2902900256511995,3TM,SF,853.0,19.8
320,Kevin Durant,1.297184604713563,HOU,SF,2840.0,36.4
321,Dru Smith,1.305025727244329,MIA,SG,1141.0,16.3
322,Jalen Brunson,1.306658763685669,NYK,PG,2590.0,35.0
323,Kevin Porter Jr.,1.3085925249641122,MIL,PG,1261.0,33.2
324,Jarrett Allen,1.313102068818332,CLE,C,1519.0,27.1
325,Nicolas Batum,1.313376602178463,LAC,PF,1295.0,17.5
326,Deandre Ayton,1.3152556086488147,LAL,C,1958.0,27.2
327,Jay Huff,1.3164255712714954,IND,C,1719.0,21.0
328,Isaiah Collier,1.3343042588387126,UTA,PG,1517.0,25.7
329,Oso Ighodaro,1.3556475234048162,PHO,PF,1808.0,22.0
330,Devin Booker,1.3577031894114666,PHO,SG,2146.0,33.5
331,Cole Anthony,1.3602381155458843,MIL,PG,527.0,15.1
332,Kawhi Leonard,1.362308575595394,LAC,SF,2085.0,32.1
333,LaMelo Ball,1.3662292945338563,CHO,PG,2017.0,28.0
334,Joel Embiid,1.3755752200455353,PHI,C,1201.0,31.6
335,Drew Eubanks,1.3766107995820633,SAC,C,552.0,13.1
336,James Harden,1.3821545647277615,2TM,PG,2438.0,34.8
337,Jusuf Nurkić,1.3916972595595112,UTA,C,1083.0,26.4
338,Jonas Valančiūnas,1.3921426091658944,DEN,C,871.0,13.4
339,Ivica Zubac,1.3983582266497336,2TM,C,1446.0,30.1
340,Jaylen Brown,1.4047747703228817,BOS,SF,2443.0,34.4
341,Donovan Clingan,1.411520831927075,POR,C,2094.0,27.2
342,Ausar Thompson,1.4137840644487423,DET,SF,1896.0,26.0
343,Andre Drummond,1.4425961940911227,PHI,C,1231.0,19.5
344,Isaiah Jackson,1.4497319300923437,2TM,C,908.0,16.5
345,Isaiah Hartenstein,1.4550981536930752,OKC,C,1137.0,24.2
346,Ryan Nembhard,1.4606943993266495,DAL,PG,1171.0,19.5
347,Neemias Queta,1.4623245607647462,BOS,C,1926.0,25.3
348,Lonzo Ball,1.4657091548746983,CLE,PG,728.0,20.8
349,Jalen Duren,1.4696445448646471,DET,C,1976.0,28.2
350,Day'Ron Sharpe,1.4705172154194461,BRK,C,1160.0,18.7
351,Moussa Diabaté,1.482654081975733,CHO,C,1899.0,26.0
352,Ja Morant,1.4872055975918443,MEM,PG,569.0,28.5
353,Nick Richards,1.4903760362649,2TM,C,701.0,14.6
354,Daniel Gafford,1.4931668422844826,DAL,C,1195.0,21.7
355,Cade Cunningham,1.4945489194364256,DET,PG,2172.0,33.9
356,Paul Reed,1.506151514231243,DET,C,901.0,13.9
357,Dwight Powell,1.5065551494324803,DAL,C,904.0,14.3
358,Steven Adams,1.5441438266055638,HOU,C,730.0,22.8
359,DeMar DeRozan,1.579274104027355,SAC,PF,2406.0,31.2
360,Goga Bitadze,1.5856714606283944,ORL,C,972.0,15.2
361,Luke Kornet,1.6438667462501793,SAS,C,1430.0,21.0
362,Mark Williams,1.672163809182336,PHO,C,1416.0,23.6
363,T.J. McConnell,1.6912211458279254,IND,PG,963.0,17.2
364,Nikola Jokić,1.6923740238541904,DEN,C,2265.0,34.8
365,Rudy Gobert,1.715869093605985,MIN,C,2380.0,31.3
366,Clint Capela,1.717524034730915,HOU,C,926.0,12.3
367,Yves Missi,1.7196171702706478,NOP,C,1297.0,19.7
368,Giannis Antetokounmpo,1.7285356979404858,MIL,PF,1039.0,28.9
369,Luka Dončić,1.747468997863637,LAL,PG,2289.0,35.8
370,Shai Gilgeous-Alexander,1.771521767050401,OKC,PG,2259.0,33.2
371,Jaxson Hayes,1.7721870095525356,LAL,C,1207.0,18.3
372,Adem Bona,1.778549084976132,PHI,C,1234.0,17.4
373,Dylan Cardwell,1.8478628669651747,SAC,C,907.0,20.6
374,Victor Wembanyama,1.8882248589939294,SAS,C,1866.0,29.2
375,Ryan Kalkbrenner,1.8892206351245904,CHO,C,1479.0,21.4
376,Moussa Cisse,1.973111940438631,DAL,C,530.0,13.9
377,Jericho Sims,2.106118711314302,MIL,C,1318.0,19.7
378,Robert Williams,2.124804581058781,POR,C,1008.0,17.1
379,Mitchell Robinson,2.2730495509798097,NYK,C,1175.0,19.6
